<?xml version="1.0" encoding="UTF-8"?>
<BibleBookInfo xmlns:xsi="http://www.w3.org/2001/XMLSchema-instance" xsi:noNamespaceSchemaLocation="BibleBookInfo.xsd">
	<Book testament="x">
		<sfmTla>FRT</sfmTla>
		<osisName>Preface</osisName>
		<name>Front matter</name>
		<shortName>Front</shortName>
		<sortOrder>0</sortOrder>
		<numChapters>1</numChapters>
		<shortCode>FR</shortCode>
		<bibleworksCode/>
	</Book>
	<Book testament="x">
		<sfmTla>INT</sfmTla>
		<osisName>Intro</osisName>
		<name>Introduction</name>
		<shortName>Introduction</shortName>
		<sortOrder>1</sortOrder>
		<numChapters>1</numChapters>
		<shortCode>IN</shortCode>
		<bibleworksCode/>
	</Book>
	<Book testament="o">
		<sfmTla>GEN</sfmTla>
		<osisName>Gen</osisName>
		<name>Genesis</name>
		<shortName>Genesis</shortName>
		<sortOrder>2</sortOrder>
		<numChapters>50</numChapters>
		<shortCode>GN</shortCode>
		<bibleworksCode>GEN</bibleworksCode>
	</Book>
	<Book testament="o">
		<sfmTla>EXO</sfmTla>
		<osisName>Exod</osisName>
		<name>Exodus</name>
		<shortName>Exodus</shortName>
		<sortOrder>3</sortOrder>
		<numChapters>40</numChapters>
		<shortCode>EX</shortCode>
		<bibleworksCode>EXO</bibleworksCode>
	</Book>
	<Book testament="o">
		<sfmTla>LEV</sfmTla>
		<osisName>Lev</osisName>
		<name>Leviticus</name>
		<shortName>Leviticus</shortName>
		<sortOrder>4</sortOrder>
		<numChapters>27</numChapters>
		<shortCode>LV</shortCode>
		<bibleworksCode>LEV</bibleworksCode>
	</Book>
	<Book testament="o">
		<sfmTla>NUM</sfmTla>
		<osisName>Num</osisName>
		<name>Numbers</name>
		<shortName>Numbers</shortName>
		<sortOrder>5</sortOrder>
		<numChapters>36</numChapters>
		<shortCode>NU</shortCode>
		<bibleworksCode>NUM</bibleworksCode>
	</Book>
	<Book testament="o">
		<sfmTla>DEU</sfmTla>
		<osisName>Deut</osisName>
		<name>Deuteronomy</name>
		<shortName>Deuteronomy</shortName>
		<sortOrder>6</sortOrder>
		<numChapters>34</numChapters>
		<shortCode>DT</shortCode>
	<bibleworksCode>DEU</bibleworksCode></Book>
	<Book testament="o">
		<sfmTla>JOS</sfmTla>
		<osisName>Josh</osisName>
		<name>Joshua</name>
		<shortName>Joshua</shortName>
		<sortOrder>7</sortOrder>
		<numChapters>24</numChapters>
		<shortCode>JS</shortCode>
	<bibleworksCode>JOS</bibleworksCode></Book>
	<Book testament="o">
		<sfmTla>JDG</sfmTla>
		<osisName>Judg</osisName>
		<name>Judges</name>
		<shortName>Judges</shortName>
		<sortOrder>8</sortOrder>
		<numChapters>21</numChapters>
		<shortCode>JG</shortCode>
	<bibleworksCode>JDG</bibleworksCode></Book>
	<Book testament="o">
		<sfmTla>RUT</sfmTla>
		<osisName>Ruth</osisName>
		<name>Ruth</name>
		<shortName>Ruth</shortName>
		<sortOrder>9</sortOrder>
		<numChapters>4</numChapters>
		<shortCode>RT</shortCode>
	<bibleworksCode>RUT</bibleworksCode></Book>
	<Book testament="o">
		<sfmTla>1SA</sfmTla>
		<osisName>1Sam</osisName>
		<name>The First Book of Samuel</name>
		<shortName>1 Samuel</shortName>
		<sortOrder>10</sortOrder>
		<numChapters>31</numChapters>
		<shortCode>S1</shortCode>
	<bibleworksCode>1SA</bibleworksCode></Book>
	<Book testament="o">
		<sfmTla>2SA</sfmTla>
		<osisName>2Sam</osisName>
		<name>The Second Book of Samuel</name>
		<shortName>2 Samuel</shortName>
		<sortOrder>11</sortOrder>
		<numChapters>24</numChapters>
		<shortCode>S2</shortCode>
	<bibleworksCode>2SA</bibleworksCode></Book>
	<Book testament="o">
		<sfmTla>1KI</sfmTla>
		<osisName>1Kgs</osisName>
		<name>The First Book of Kings</name>
		<shortName>1 Kings</shortName>
		<sortOrder>12</sortOrder>
		<numChapters>22</numChapters>
		<shortCode>K1</shortCode>
	<bibleworksCode>1KI</bibleworksCode></Book>
	<Book testament="o">
		<sfmTla>2KI</sfmTla>
		<osisName>2Kgs</osisName>
		<name>The Second Book of Kings</name>
		<shortName>2 Kings</shortName>
		<sortOrder>13</sortOrder>
		<numChapters>25</numChapters>
		<shortCode>K2</shortCode>
	<bibleworksCode>2KI</bibleworksCode></Book>
	<Book testament="o">
		<sfmTla>1CH</sfmTla>
		<osisName>1Chr</osisName>
		<name>The First Book of Chronicles</name>
		<shortName>1 Chronicles</shortName>
		<sortOrder>14</sortOrder>
		<numChapters>29</numChapters>
		<shortCode>R1</shortCode>
	<bibleworksCode>1CH</bibleworksCode></Book>
	<Book testament="o">
		<sfmTla>2CH</sfmTla>
		<osisName>2Chr</osisName>
		<name>The Second Book of Chronicles</name>
		<shortName>2 Chronicles</shortName>
		<sortOrder>15</sortOrder>
		<numChapters>36</numChapters>
		<shortCode>R2</shortCode>
	<bibleworksCode>2CH</bibleworksCode></Book>
	<Book testament="o">
		<sfmTla>EZR</sfmTla>
		<osisName>Ezra</osisName>
		<name>Ezra</name>
		<shortName>Ezra</shortName>
		<sortOrder>16</sortOrder>
		<numChapters>10</numChapters>
		<shortCode>ER</shortCode>
	<bibleworksCode>EZR</bibleworksCode></Book>
	<Book testament="o">
		<sfmTla>NEH</sfmTla>
		<osisName>Neh</osisName>
		<name>Nehemiah</name>
		<shortName>Nehemiah</shortName>
		<sortOrder>17</sortOrder>
		<numChapters>13</numChapters>
		<shortCode>NH</shortCode>
	<bibleworksCode>NEH</bibleworksCode></Book>
	<Book testament="o">
		<sfmTla>EST</sfmTla>
		<osisName>Esth</osisName>
		<name>Esther</name>
		<shortName>Esther</shortName>
		<sortOrder>18</sortOrder>
		<numChapters>10</numChapters>
		<shortCode>ET</shortCode>
	<bibleworksCode>EST</bibleworksCode></Book>
	<Book testament="o">
		<sfmTla>JOB</sfmTla>
		<osisName>Job</osisName>
		<name>Job</name>
		<shortName>Job</shortName>
		<sortOrder>19</sortOrder>
		<numChapters>42</numChapters>
		<shortCode>JB</shortCode>
	<bibleworksCode>JOB</bibleworksCode></Book>
	<Book testament="o">
		<sfmTla>PSA</sfmTla>
		<osisName>Ps</osisName>
		<name>Psalms</name>
		<shortName>Psalms</shortName>
		<sortOrder>20</sortOrder>
		<numChapters>150</numChapters>
		<shortCode>PS</shortCode>
	<bibleworksCode>PSA</bibleworksCode></Book>
	<Book testament="o">
		<sfmTla>PRO</sfmTla>
		<osisName>Prov</osisName>
		<name>Proverbs</name>
		<shortName>Proverbs</shortName>
		<sortOrder>21</sortOrder>
		<numChapters>31</numChapters>
		<shortCode>PR</shortCode>
	<bibleworksCode>PRO</bibleworksCode></Book>
	<Book testament="o">
		<sfmTla>ECC</sfmTla>
		<osisName>Eccl</osisName>
		<name>Ecclesiastes</name>
		<shortName>Ecclesiastes</shortName>
		<sortOrder>22</sortOrder>
		<numChapters>12</numChapters>
		<shortCode>EC</shortCode>
	<bibleworksCode>ECC</bibleworksCode></Book>
	<Book testament="o">
		<sfmTla>SNG</sfmTla>
		<osisName>Song</osisName>
		<name>Song of Solomon</name>
		<shortName>Song of Solomon</shortName>
		<sortOrder>23</sortOrder>
		<numChapters>8</numChapters>
		<shortCode>SS</shortCode>
	<bibleworksCode>SOL</bibleworksCode></Book>
	<Book testament="o">
		<sfmTla>ISA</sfmTla>
		<osisName>Isa</osisName>
		<name>Isaiah</name>
		<shortName>Isaiah</shortName>
		<sortOrder>24</sortOrder>
		<numChapters>66</numChapters>
		<shortCode>IS</shortCode>
	<bibleworksCode>ISA</bibleworksCode></Book>
	<Book testament="o">
		<sfmTla>JER</sfmTla>
		<osisName>Jer</osisName>
		<name>Jeremiah</name>
		<shortName>Jeremiah</shortName>
		<sortOrder>25</sortOrder>
		<numChapters>52</numChapters>
		<shortCode>JR</shortCode>
	<bibleworksCode>JER</bibleworksCode></Book>
	<Book testament="o">
		<sfmTla>LAM</sfmTla>
		<osisName>Lam</osisName>
		<name>Lamentations</name>
		<shortName>Lamentations</shortName>
		<sortOrder>26</sortOrder>
		<numChapters>5</numChapters>
		<shortCode>LM</shortCode>
	<bibleworksCode>LAM</bibleworksCode></Book>
	<Book testament="o">
		<sfmTla>EZK</sfmTla>
		<osisName>Ezek</osisName>
		<name>Ezekiel</name>
		<shortName>Ezekiel</shortName>
		<sortOrder>27</sortOrder>
		<numChapters>48</numChapters>
		<shortCode>EK</shortCode>
	<bibleworksCode>EZE</bibleworksCode></Book>
	<Book testament="o">
		<sfmTla>DAN</sfmTla>
		<osisName>Dan</osisName>
		<name>Daniel</name>
		<shortName>Daniel</shortName>
		<sortOrder>28</sortOrder>
		<numChapters>12</numChapters>
		<shortCode>DN</shortCode>
	<bibleworksCode>DAN</bibleworksCode></Book>
	<Book testament="o">
		<sfmTla>HOS</sfmTla>
		<osisName>Hos</osisName>
		<name>Hosea</name>
		<shortName>Hosea</shortName>
		<sortOrder>29</sortOrder>
		<numChapters>14</numChapters>
		<shortCode>HS</shortCode>
	<bibleworksCode>HOS</bibleworksCode></Book>
	<Book testament="o">
		<sfmTla>JOL</sfmTla>
		<osisName>Joel</osisName>
		<name>Joel</name>
		<shortName>Joel</shortName>
		<sortOrder>30</sortOrder>
		<numChapters>3</numChapters>
		<shortCode>JL</shortCode>
	<bibleworksCode>JOE</bibleworksCode></Book>
	<Book testament="o">
		<sfmTla>AMO</sfmTla>
		<osisName>Amos</osisName>
		<name>Amos</name>
		<shortName>Amos</shortName>
		<sortOrder>31</sortOrder>
		<numChapters>9</numChapters>
		<shortCode>AM</shortCode>
	<bibleworksCode>AMO</bibleworksCode></Book>
	<Book testament="o">
		<sfmTla>OBA</sfmTla>
		<osisName>Obad</osisName>
		<name>Obadiah</name>
		<shortName>Obadiah</shortName>
		<sortOrder>32</sortOrder>
		<numChapters>1</numChapters>
		<shortCode>OB</shortCode>
	<bibleworksCode>OBA</bibleworksCode></Book>
	<Book testament="o">
		<sfmTla>JON</sfmTla>
		<osisName>Jonah</osisName>
		<name>Jonah</name>
		<shortName>Jonah</shortName>
		<sortOrder>33</sortOrder>
		<numChapters>4</numChapters>
		<shortCode>JH</shortCode>
	<bibleworksCode>JON</bibleworksCode></Book>
	<Book testament="o">
		<sfmTla>MIC</sfmTla>
		<osisName>Mic</osisName>
		<name>Micah</name>
		<shortName>Micah</shortName>
		<sortOrder>34</sortOrder>
		<numChapters>7</numChapters>
		<shortCode>MC</shortCode>
	<bibleworksCode>MIC</bibleworksCode></Book>
	<Book testament="o">
		<sfmTla>NAM</sfmTla>
		<osisName>Nah</osisName>
		<name>Nahum</name>
		<shortName>Nahum</shortName>
		<sortOrder>35</sortOrder>
		<numChapters>3</numChapters>
		<shortCode>NM</shortCode>
	<bibleworksCode>NAH</bibleworksCode></Book>
	<Book testament="o">
		<sfmTla>HAB</sfmTla>
		<osisName>Hab</osisName>
		<name>Habakkuk</name>
		<shortName>Habakkuk</shortName>
		<sortOrder>36</sortOrder>
		<numChapters>3</numChapters>
		<shortCode>HK</shortCode>
	<bibleworksCode>HAB</bibleworksCode></Book>
	<Book testament="o">
		<sfmTla>ZEP</sfmTla>
		<osisName>Zeph</osisName>
		<name>Zephaniah</name>
		<shortName>Zephaniah</shortName>
		<sortOrder>37</sortOrder>
		<numChapters>3</numChapters>
		<shortCode>ZP</shortCode>
	<bibleworksCode>ZEP</bibleworksCode></Book>
	<Book testament="o">
		<sfmTla>HAG</sfmTla>
		<osisName>Hag</osisName>
		<name>Haggai</name>
		<shortName>Haggai</shortName>
		<sortOrder>38</sortOrder>
		<numChapters>2</numChapters>
		<shortCode>HG</shortCode>
	<bibleworksCode>HAG</bibleworksCode></Book>
	<Book testament="o">
		<sfmTla>ZEC</sfmTla>
		<osisName>Zech</osisName>
		<name>Zechariah</name>
		<shortName>Zechariah</shortName>
		<sortOrder>39</sortOrder>
		<numChapters>14</numChapters>
		<shortCode>ZC</shortCode>
	<bibleworksCode>ZEC</bibleworksCode></Book>
	<Book testament="o">
		<sfmTla>MAL</sfmTla>
		<osisName>Mal</osisName>
		<name>Malachi</name>
		<shortName>Malachi</shortName>
		<sortOrder>40</sortOrder>
		<numChapters>4</numChapters>
		<shortCode>ML</shortCode>
	<bibleworksCode>MAL</bibleworksCode></Book>
	<Book testament="a">
		<sfmTla>TOB</sfmTla>
		<osisName>Tob</osisName>
		<name>Tobit</name>
		<shortName>Tobit</shortName>
		<sortOrder>41</sortOrder>
		<numChapters>14</numChapters>
		<shortCode>TB</shortCode>
	<bibleworksCode>TOB</bibleworksCode></Book>
	<Book testament="a">
		<sfmTla>JDT</sfmTla>
		<osisName>Jdt</osisName>
		<name>Judith</name>
		<shortName>Judith</shortName>
		<sortOrder>42</sortOrder>
		<numChapters>16</numChapters>
		<shortCode>JT</shortCode>
	<bibleworksCode>JDT</bibleworksCode></Book>
	<Book testament="a">
		<sfmTla>ESG</sfmTla>
		<osisName>EsthGr</osisName>
		<name>Esther (Greek)</name>
		<shortName>Esther (Greek)</shortName>
		<sortOrder>43</sortOrder>
		<numChapters>16</numChapters>
		<shortCode>EG</shortCode>
	<bibleworksCode>ESG</bibleworksCode></Book>
	<Book testament="a">
		<sfmTla>ADE</sfmTla>
		<osisName>AddEsth</osisName>
		<name>Additions to Esther</name>
		<shortName>Additions to Esther</shortName>
		<sortOrder>44</sortOrder>
		<numChapters>16</numChapters>
		<shortCode>AE</shortCode>
	<bibleworksCode>ESG</bibleworksCode></Book>
	<Book testament="a">
		<sfmTla>WIS</sfmTla>
		<osisName>Wis</osisName>
		<name>Wisdom of Solomon</name>
		<shortName>Wisdom</shortName>
		<sortOrder>45</sortOrder>
		<numChapters>19</numChapters>
		<shortCode>WS</shortCode>
	<bibleworksCode>WIS</bibleworksCode></Book>
	<Book testament="a">
		<sfmTla>SIR</sfmTla>
		<osisName>Sir</osisName>
		<name>Sirach</name>
		<shortName>Sirach</shortName>
		<sortOrder>46</sortOrder>
		<numChapters>51</numChapters>
		<shortCode>SR</shortCode>
	<bibleworksCode>SIR</bibleworksCode></Book>
	<Book testament="a">
		<sfmTla>BAR</sfmTla>
		<osisName>Bar</osisName>
		<name>Baruch</name>
		<shortName>Baruch</shortName>
		<sortOrder>47</sortOrder>
		<numChapters>5</numChapters>
		<shortCode>BR</shortCode>
	<bibleworksCode>BAR</bibleworksCode></Book>
	<Book testament="a">
		<sfmTla>LJE</sfmTla>
		<osisName>EpJer</osisName>
		<name>Letter of Jeremiah</name>
		<shortName>Letter of Jeremiah</shortName>
		<sortOrder>48</sortOrder>
		<numChapters>1</numChapters>
		<shortCode>LJ</shortCode>
	<bibleworksCode>EPJ</bibleworksCode></Book>
	<Book testament="a">
		<sfmTla>S3Y</sfmTla>
		<osisName>PrAzar</osisName>
		<name>Song of the Three Children</name>
		<shortName>Prayer of Azariah</shortName>
		<sortOrder>49</sortOrder>
		<numChapters>1</numChapters>
		<shortCode>PA</shortCode>
	<bibleworksCode>PRA</bibleworksCode></Book>
	<Book testament="a">
		<sfmTla>SUS</sfmTla>
		<osisName>Sus</osisName>
		<name>Susanna</name>
		<shortName>Susanna</shortName>
		<sortOrder>50</sortOrder>
		<numChapters>1</numChapters>
		<shortCode>SN</shortCode>
	<bibleworksCode>SUS</bibleworksCode></Book>
	<Book testament="a">
		<sfmTla>BEL</sfmTla>
		<osisName>Bel</osisName>
		<name>Bel and the Dragon</name>
		<shortName>Bel and the Dragon</shortName>
		<sortOrder>51</sortOrder>
		<numChapters>1</numChapters>
		<shortCode>BL</shortCode>
	<bibleworksCode>BEL</bibleworksCode></Book>
	<Book testament="a">
		<sfmTla>1MA</sfmTla>
		<osisName>1Macc</osisName>
		<name>1 Maccabees</name>
		<shortName>1 Maccabees</shortName>
		<sortOrder>52</sortOrder>
		<numChapters>16</numChapters>
		<shortCode>M1</shortCode>
	<bibleworksCode>1MA</bibleworksCode></Book>
	<Book testament="a">
		<sfmTla>2MA</sfmTla>
		<osisName>2Macc</osisName>
		<name>2 Maccabees</name>
		<shortName>2 Maccabees</shortName>
		<sortOrder>53</sortOrder>
		<numChapters>15</numChapters>
		<shortCode>M2</shortCode>
	<bibleworksCode>2MA</bibleworksCode></Book>
	<Book testament="a">
		<sfmTla>1ES</sfmTla>
		<osisName>1Esd</osisName>
		<name>1 Esdras</name>
		<shortName>1 Esdras</shortName>
		<sortOrder>54</sortOrder>
		<numChapters>9</numChapters>
		<shortCode>E1</shortCode>
	<bibleworksCode>1ES</bibleworksCode></Book>
	<Book testament="a">
		<sfmTla>MAN</sfmTla>
		<osisName>PrMan</osisName>
		<name>Prayer of Manasses</name>
		<shortName>Prayer of Manasses</shortName>
		<sortOrder>55</sortOrder>
		<numChapters>1</numChapters>
		<shortCode>PN</shortCode>
	<bibleworksCode>PRM</bibleworksCode></Book>
	<Book testament="a">
		<sfmTla>PS2</sfmTla>
		<osisName>AddPs</osisName>
		<name>Psalm 151</name>
		<shortName>Psalm 151</shortName>
		<sortOrder>56</sortOrder>
		<numChapters>1</numChapters>
		<shortCode>PX</shortCode>
	<bibleworksCode>PSX</bibleworksCode></Book>
	<Book testament="a">
		<sfmTla>3MA</sfmTla>
		<osisName>3Macc</osisName>
		<name>3 Maccabees</name>
		<shortName>3 Maccabees</shortName>
		<sortOrder>57</sortOrder>
		<numChapters>7</numChapters>
		<shortCode>M3</shortCode>
	<bibleworksCode>3MA</bibleworksCode></Book>
	<Book testament="a">
		<sfmTla>2ES</sfmTla>
		<osisName>2Esd</osisName>
		<name>2 Esdras</name>
		<shortName>4 Esdras</shortName>
		<sortOrder>58</sortOrder>
		<numChapters>16</numChapters>
		<shortCode>E2</shortCode>
	<bibleworksCode>4ES</bibleworksCode></Book>
	<Book testament="a">
		<sfmTla>4MA</sfmTla>
		<osisName>4Macc</osisName>
		<name>4 Maccabees</name>
		<shortName>4 Maccabees</shortName>
		<sortOrder>59</sortOrder>
		<numChapters>18</numChapters>
		<shortCode>M4</shortCode>
	<bibleworksCode>4MA</bibleworksCode></Book>
	<Book testament="a">
		<sfmTla>ODS</sfmTla>
		<osisName>OdesSol</osisName>
		<name>Odes of Solomon</name>
		<shortName>Odes of Solomon</shortName>
		<sortOrder>60</sortOrder>
		<numChapters>0</numChapters>
		<shortCode>OS</shortCode>
	<bibleworksCode>ODE</bibleworksCode></Book>
	<Book testament="a">
		<sfmTla>PSS</sfmTla>
		<osisName>PssSol</osisName>
		<name>Psalms of Solomon</name>
		<shortName>Psalms of Solomon</shortName>
		<sortOrder>61</sortOrder>
		<numChapters>0</numChapters>
		<shortCode>SP</shortCode>
	<bibleworksCode>PSS</bibleworksCode></Book>
	<Book testament="a">
		<sfmTla>EPL</sfmTla>
		<osisName>EpLao</osisName>
		<name>Epistle to the Laodiceans</name>
		<shortName>Epistle to the Laodiceans</shortName>
		<sortOrder>62</sortOrder>
		<numChapters>0</numChapters>
		<shortCode>LL</shortCode>
	<bibleworksCode>LAO</bibleworksCode></Book>
	<Book testament="a">
		<sfmTla>1EN</sfmTla>
		<osisName>1En</osisName>
		<name>Ethiopic Apocalypse of Enoch</name>
		<shortName>1 Enoch</shortName>
		<sortOrder>63</sortOrder>
		<numChapters>0</numChapters>
		<shortCode>N1</shortCode>
	<bibleworksCode/></Book>
	<Book testament="a">
		<sfmTla>JUB</sfmTla>
		<osisName>Jub</osisName>
		<name>Jubilees</name>
		<shortName>Jubilees</shortName>
		<sortOrder>64</sortOrder>
		<numChapters>0</numChapters>
		<shortCode>JE</shortCode>
	</Book>
	<Book testament="a">
		<sfmTla>DNT</sfmTla>
		<osisName>AddDan</osisName>
		<name>Additions to Daniel</name>
		<shortName>Additions to Daniel</shortName>
		<sortOrder>65</sortOrder>
		<numChapters>14</numChapters>
		<shortCode>AD</shortCode>
	<bibleworksCode>DNG</bibleworksCode></Book>
	<Book testament="a">
		<sfmTla>DAG</sfmTla>
		<osisName>DanGr</osisName>
		<name>Daniel (Greek)</name>
		<shortName>Daniel (Greek)</shortName>
		<sortOrder>66</sortOrder>
		<numChapters>12</numChapters>
		<shortCode>DG</shortCode>
	<bibleworksCode>DNG</bibleworksCode></Book>
	<Book testament="n">
		<sfmTla>MAT</sfmTla>
		<osisName>Matt</osisName>
		<name>The Gospel According to Matthew</name>
		<shortName>Matthew</shortName>
		<sortOrder>70</sortOrder>
		<numChapters>28</numChapters>
		<shortCode>MT</shortCode>
	<bibleworksCode>MAT</bibleworksCode></Book>
	<Book testament="n">
		<sfmTla>MRK</sfmTla>
		<osisName>Mark</osisName>
		<name>The Gospel According to Mark</name>
		<shortName>Mark</shortName>
		<sortOrder>71</sortOrder>
		<numChapters>16</numChapters>
		<shortCode>MK</shortCode>
	<bibleworksCode>MAR</bibleworksCode></Book>
	<Book testament="n">
		<sfmTla>LUK</sfmTla>
		<osisName>Luke</osisName>
		<name>The Gospel According to Luke</name>
		<shortName>Luke</shortName>
		<sortOrder>72</sortOrder>
		<numChapters>24</numChapters>
		<shortCode>LK</shortCode>
	<bibleworksCode>LUK</bibleworksCode></Book>
	<Book testament="n">
		<sfmTla>JHN</sfmTla>
		<osisName>John</osisName>
		<name>The Gospel According to John</name>
		<shortName>John</shortName>
		<sortOrder>73</sortOrder>
		<numChapters>21</numChapters>
		<shortCode>JN</shortCode>
	<bibleworksCode>JOH</bibleworksCode></Book>
	<Book testament="n">
		<sfmTla>ACT</sfmTla>
		<osisName>Acts</osisName>
		<name>The Acts of the Apostles</name>
		<shortName>Acts</shortName>
		<sortOrder>74</sortOrder>
		<numChapters>28</numChapters>
		<shortCode>AC</shortCode>
	<bibleworksCode>ACT</bibleworksCode></Book>
	<Book testament="n">
		<sfmTla>ROM</sfmTla>
		<osisName>Rom</osisName>
		<name>Paul's Letter to the Romans</name>
		<shortName>Romans</shortName>
		<sortOrder>75</sortOrder>
		<numChapters>16</numChapters>
		<shortCode>RM</shortCode>
	<bibleworksCode>ROM</bibleworksCode></Book>
	<Book testament="n">
		<sfmTla>1CO</sfmTla>
		<osisName>1Cor</osisName>
		<name>Paul's First Letter to the Corinthians</name>
		<shortName>1 Corinthians</shortName>
		<sortOrder>76</sortOrder>
		<numChapters>16</numChapters>
		<shortCode>C1</shortCode>
	<bibleworksCode>1CO</bibleworksCode></Book>
	<Book testament="n">
		<sfmTla>2CO</sfmTla>
		<osisName>2Cor</osisName>
		<name>Paul's Second Lettor to the  Corinthians</name>
		<shortName>2 Corinthians</shortName>
		<sortOrder>77</sortOrder>
		<numChapters>13</numChapters>
		<shortCode>C2</shortCode>
	<bibleworksCode>2CO</bibleworksCode></Book>
	<Book testament="n">
		<sfmTla>GAL</sfmTla>
		<osisName>Gal</osisName>
		<name>Paul's Letter to the Galatians</name>
		<shortName>Galatians</shortName>
		<sortOrder>78</sortOrder>
		<numChapters>6</numChapters>
		<shortCode>GL</shortCode>
	<bibleworksCode>GAL</bibleworksCode></Book>
	<Book testament="n">
		<sfmTla>EPH</sfmTla>
		<osisName>Eph</osisName>
		<name>Paul's Letter to the Ephesians</name>
		<shortName>Ephesians</shortName>
		<sortOrder>79</sortOrder>
		<numChapters>6</numChapters>
		<shortCode>EP</shortCode>
	<bibleworksCode>EPH</bibleworksCode></Book>
	<Book testament="n">
		<sfmTla>PHP</sfmTla>
		<osisName>Phil</osisName>
		<name>Paul's Letter to the Philippians</name>
		<shortName>Philippians</shortName>
		<sortOrder>80</sortOrder>
		<numChapters>4</numChapters>
		<shortCode>PP</shortCode>
	<bibleworksCode>PHI</bibleworksCode></Book>
	<Book testament="n">
		<sfmTla>COL</sfmTla>
		<osisName>Col</osisName>
		<name>Paul's Letter to the Colossians</name>
		<shortName>Colossians</shortName>
		<sortOrder>81</sortOrder>
		<numChapters>4</numChapters>
		<shortCode>CL</shortCode>
	<bibleworksCode>COL</bibleworksCode></Book>
	<Book testament="n">
		<sfmTla>1TH</sfmTla>
		<osisName>1Thess</osisName>
		<name>Paul's First Letter to the Thessalonians</name>
		<shortName>1 Thessalonians</shortName>
		<sortOrder>82</sortOrder>
		<numChapters>5</numChapters>
		<shortCode>H1</shortCode>
	<bibleworksCode>1TH</bibleworksCode></Book>
	<Book testament="n">
		<sfmTla>2TH</sfmTla>
		<osisName>2Thess</osisName>
		<name>Paul's Second Letter to the Thessalonians</name>
		<shortName>2 Thessalonians</shortName>
		<sortOrder>83</sortOrder>
		<numChapters>3</numChapters>
		<shortCode>H2</shortCode>
	<bibleworksCode>2TH</bibleworksCode></Book>
	<Book testament="n">
		<sfmTla>1TI</sfmTla>
		<osisName>1Tim</osisName>
		<name>Paul's First Letter to Timothy</name>
		<shortName>1 Timothy</shortName>
		<sortOrder>84</sortOrder>
		<numChapters>6</numChapters>
		<shortCode>T1</shortCode>
	<bibleworksCode>1TI</bibleworksCode></Book>
	<Book testament="n">
		<sfmTla>2TI</sfmTla>
		<osisName>2Tim</osisName>
		<name>Paul's Second Letter to Timothy</name>
		<shortName>2 Timothy</shortName>
		<sortOrder>85</sortOrder>
		<numChapters>4</numChapters>
		<shortCode>T2</shortCode>
	<bibleworksCode>2TI</bibleworksCode></Book>
	<Book testament="n">
		<sfmTla>TIT</sfmTla>
		<osisName>Titus</osisName>
		<name>Paul's Letter to Titus</name>
		<shortName>Titus</shortName>
		<sortOrder>86</sortOrder>
		<numChapters>3</numChapters>
		<shortCode>TT</shortCode>
	<bibleworksCode>TIT</bibleworksCode></Book>
	<Book testament="n">
		<sfmTla>PHM</sfmTla>
		<osisName>Phlm</osisName>
		<name>Paul's Letter to Philemon</name>
		<shortName>Philemon</shortName>
		<sortOrder>87</sortOrder>
		<numChapters>1</numChapters>
		<shortCode>PM</shortCode>
	<bibleworksCode>PHM</bibleworksCode></Book>
	<Book testament="n">
		<sfmTla>HEB</sfmTla>
		<osisName>Heb</osisName>
		<name>The Letter to the Hebrews</name>
		<shortName>Hebrews</shortName>
		<sortOrder>88</sortOrder>
		<numChapters>13</numChapters>
		<shortCode>HB</shortCode>
	<bibleworksCode>HEB</bibleworksCode></Book>
	<Book testament="n">
		<sfmTla>JAS</sfmTla>
		<osisName>Jas</osisName>
		<name>The Letter from James</name>
		<shortName>James</shortName>
		<sortOrder>89</sortOrder>
		<numChapters>5</numChapters>
		<shortCode>JM</shortCode>
	<bibleworksCode>JAM</bibleworksCode></Book>
	<Book testament="n">
		<sfmTla>1PE</sfmTla>
		<osisName>1Pet</osisName>
		<name>The First Letter from Peter</name>
		<shortName>1 Peter</shortName>
		<sortOrder>90</sortOrder>
		<numChapters>5</numChapters>
		<shortCode>P1</shortCode>
	<bibleworksCode>1PE</bibleworksCode></Book>
	<Book testament="n">
		<sfmTla>2PE</sfmTla>
		<osisName>2Pet</osisName>
		<name>The Second Letter from Peter</name>
		<shortName>2 Peter</shortName>
		<sortOrder>91</sortOrder>
		<numChapters>3</numChapters>
		<shortCode>P2</shortCode>
	<bibleworksCode>2PE</bibleworksCode></Book>
	<Book testament="n">
		<sfmTla>1JN</sfmTla>
		<osisName>1John</osisName>
		<name>John's First Letter</name>
		<shortName>1 John</shortName>
		<sortOrder>92</sortOrder>
		<numChapters>5</numChapters>
		<shortCode>J1</shortCode>
	<bibleworksCode>1JO</bibleworksCode></Book>
	<Book testament="n">
		<sfmTla>2JN</sfmTla>
		<osisName>2John</osisName>
		<name>John's Second Letter</name>
		<shortName>2 John</shortName>
		<sortOrder>93</sortOrder>
		<numChapters>1</numChapters>
		<shortCode>J2</shortCode>
	<bibleworksCode>2JO</bibleworksCode></Book>
	<Book testament="n">
		<sfmTla>3JN</sfmTla>
		<osisName>3John</osisName>
		<name>John's Third Letter</name>
		<shortName>3 John</shortName>
		<sortOrder>94</sortOrder>
		<numChapters>1</numChapters>
		<shortCode>J3</shortCode>
	<bibleworksCode>3JO</bibleworksCode></Book>
	<Book testament="n">
		<sfmTla>JUD</sfmTla>
		<osisName>Jude</osisName>
		<name>Jude's Letter</name>
		<shortName>Jude</shortName>
		<sortOrder>95</sortOrder>
		<numChapters>1</numChapters>
		<shortCode>JD</shortCode>
	<bibleworksCode>JUD</bibleworksCode></Book>
	<Book testament="n">
		<sfmTla>REV</sfmTla>
		<osisName>Rev</osisName>
		<name>The Revelation to John</name>
		<shortName>Revelation</shortName>
		<sortOrder>96</sortOrder>
		<numChapters>22</numChapters>
		<shortCode>RV</shortCode>
	<bibleworksCode>REV</bibleworksCode></Book>
	<Book testament="x">
		<sfmTla>BAK</sfmTla>
		<osisName>Back</osisName>
		<name>Back matter</name>
		<shortName>Back</shortName>
		<sortOrder>97</sortOrder>
		<numChapters>1</numChapters>
		<shortCode>BK</shortCode>
	</Book>
	<Book testament="x">
		<sfmTla>OTH</sfmTla>
		<osisName>Other</osisName>
		<name>Other</name>
		<shortName>Other</shortName>
		<sortOrder>98</sortOrder>
		<numChapters>1</numChapters>
		<shortCode>OH</shortCode>
	</Book>
	<Book testament="x">
		<sfmTla>XXA</sfmTla>
		<osisName>XXA</osisName>
		<name>XXA</name>
		<shortName>XXA</shortName>
		<sortOrder>99</sortOrder>
		<numChapters>151</numChapters>
		<shortCode>XA</shortCode>
	</Book>
	<Book testament="x">
		<sfmTla>XXB</sfmTla>
		<osisName>XXB</osisName>
		<name>XXB</name>
		<shortName>XXB</shortName>
		<sortOrder>100</sortOrder>
		<numChapters>151</numChapters>
		<shortCode>XB</shortCode>
	</Book>
	<Book testament="x">
		<sfmTla>XXC</sfmTla>
		<osisName>XXC</osisName>
		<name>XXC</name>
		<shortName>XXC</shortName>
		<sortOrder>101</sortOrder>
		<numChapters>151</numChapters>
		<shortCode>XC</shortCode>
	</Book>
	<Book testament="x">
		<sfmTla>XXD</sfmTla>
		<osisName>XXD</osisName>
		<name>XXD</name>
		<shortName>XXD</shortName>
		<sortOrder>102</sortOrder>
		<numChapters>151</numChapters>
		<shortCode>XD</shortCode>
	</Book>
	<Book testament="x">
		<sfmTla>XXE</sfmTla>
		<osisName>XXE</osisName>
		<name>XXE</name>
		<shortName>XXE</shortName>
		<sortOrder>103</sortOrder>
		<numChapters>151</numChapters>
		<shortCode>XE</shortCode>
	</Book>
	<Book testament="x">
		<sfmTla>XXF</sfmTla>
		<osisName>XXF</osisName>
		<name>XXF</name>
		<shortName>XXF</shortName>
		<sortOrder>104</sortOrder>
		<numChapters>151</numChapters>
		<shortCode>XF</shortCode>
	</Book>
	<Book testament="x">
		<sfmTla>XXG</sfmTla>
		<osisName>XXG</osisName>
		<name>XXG</name>
		<shortName>XXG</shortName>
		<sortOrder>105</sortOrder>
		<numChapters>151</numChapters>
		<shortCode>XG</shortCode>
	</Book>
	<Book testament="x">
		<sfmTla>GLO</sfmTla>
		<osisName>Glossary</osisName>
		<name>Glossary</name>
		<shortName>Glossary</shortName>
		<sortOrder>106</sortOrder>
		<numChapters>1</numChapters>
		<shortCode>GS</shortCode>
	</Book>
	<Book testament="x">
		<sfmTla>CNC</sfmTla>
		<osisName>Conc</osisName>
		<name>Concordance</name>
		<shortName>Concordance</shortName>
		<sortOrder>107</sortOrder>
		<numChapters>1</numChapters>
		<shortCode>CN</shortCode>
	</Book>
	<Book testament="x">
		<sfmTla>TDX</sfmTla>
		<osisName>Topic</osisName>
		<name>Topical Index</name>
		<shortName>Topical Index</shortName>
		<sortOrder>108</sortOrder>
		<numChapters>1</numChapters>
		<shortCode>TX</shortCode>
	</Book>
	<Book testament="x">
		<sfmTla>NDX</sfmTla>
		<osisName>Name</osisName>
		<name>Names Index</name>
		<shortName>Names Index</shortName>
		<sortOrder>109</sortOrder>
		<numChapters>1</numChapters>
		<shortCode>NX</shortCode>
	</Book>
</BibleBookInfo>
