﻿<?xml version="1.0" encoding="UTF-8"?>
<CountryCodes>
<country><code>AD</code><name>Andorra</name><region>Europe</region></country>
<country><code>AE</code><name>United Arab Emirates</name><region>Asia</region></country>
<country><code>AF</code><name>Afghanistan</name><region>Asia</region></country>
<country><code>AG</code><name>Antigua and Barbuda</name><region>Americas</region></country>
<country><code>AI</code><name>Anguilla</name><region>Americas</region></country>
<country><code>AL</code><name>Albania</name><region>Europe</region></country>
<country><code>AM</code><name>Armenia</name><region>Asia</region></country>
<country><code>AO</code><name>Angola</name><region>Africa</region></country>
<country><code>AR</code><name>Argentina</name><region>Americas</region></country>
<country><code>AS</code><name>American Samoa</name><region>Pacific</region></country>
<country><code>AT</code><name>Austria</name><region>Europe</region></country>
<country><code>AU</code><name>Australia</name><region>Pacific</region></country>
<country><code>AW</code><name>Aruba</name><region>Americas</region></country>
<country><code>AZ</code><name>Azerbaijan</name><region>Asia</region></country>
<country><code>BA</code><name>Bosnia and Herzegovina</name><region>Europe</region></country>
<country><code>BB</code><name>Barbados</name><region>Americas</region></country>
<country><code>BD</code><name>Bangladesh</name><region>Asia</region></country>
<country><code>BE</code><name>Belgium</name><region>Europe</region></country>
<country><code>BF</code><name>Burkina Faso</name><region>Africa</region></country>
<country><code>BG</code><name>Bulgaria</name><region>Europe</region></country>
<country><code>BH</code><name>Bahrain</name><region>Asia</region></country>
<country><code>BI</code><name>Burundi</name><region>Africa</region></country>
<country><code>BJ</code><name>Benin</name><region>Africa</region></country>
<country><code>BL</code><name>Saint Barthélemy</name><region>Americas</region></country>
<country><code>BM</code><name>Bermuda</name><region>Americas</region></country>
<country><code>BN</code><name>Brunei</name><region>Asia</region></country>
<country><code>BO</code><name>Bolivia</name><region>Americas</region></country>
<country><code>BQ</code><name>Caribbean Netherlands</name><region>Americas</region></country>
<country><code>BR</code><name>Brazil</name><region>Americas</region></country>
<country><code>BS</code><name>Bahamas</name><region>Americas</region></country>
<country><code>BT</code><name>Bhutan</name><region>Asia</region></country>
<country><code>BW</code><name>Botswana</name><region>Africa</region></country>
<country><code>BY</code><name>Belarus</name><region>Europe</region></country>
<country><code>BZ</code><name>Belize</name><region>Americas</region></country>
<country><code>CA</code><name>Canada</name><region>Americas</region></country>
<country><code>CD</code><name>Democratic Republic of the Congo</name><region>Africa</region></country>
<country><code>CF</code><name>Central African Republic</name><region>Africa</region></country>
<country><code>CG</code><name>Congo</name><region>Africa</region></country>
<country><code>CH</code><name>Switzerland</name><region>Europe</region></country>
<country><code>CI</code><name>Côte d'Ivoire</name><region>Africa</region></country>
<country><code>CK</code><name>Cook Islands</name><region>Pacific</region></country>
<country><code>CL</code><name>Chile</name><region>Americas</region></country>
<country><code>CM</code><name>Cameroon</name><region>Africa</region></country>
<country><code>CN</code><name>China</name><region>Asia</region></country>
<country><code>CO</code><name>Colombia</name><region>Americas</region></country>
<country><code>CR</code><name>Costa Rica</name><region>Americas</region></country>
<country><code>CU</code><name>Cuba</name><region>Americas</region></country>
<country><code>CV</code><name>Cape Verde Islands</name><region>Africa</region></country>
<country><code>CW</code><name>Curacao</name><region>Americas</region></country>
<country><code>CY</code><name>Cyprus</name><region>Asia</region></country>
<country><code>CZ</code><name>Czech Republic</name><region>Europe</region></country>
<country><code>DE</code><name>Germany</name><region>Europe</region></country>
<country><code>DJ</code><name>Djibouti</name><region>Africa</region></country>
<country><code>DK</code><name>Denmark</name><region>Europe</region></country>
<country><code>DM</code><name>Dominica</name><region>Americas</region></country>
<country><code>DO</code><name>Dominican Republic</name><region>Americas</region></country>
<country><code>DZ</code><name>Algeria</name><region>Africa</region></country>
<country><code>EC</code><name>Ecuador</name><region>Americas</region></country>
<country><code>EE</code><name>Estonia</name><region>Europe</region></country>
<country><code>EG</code><name>Egypt</name><region>Africa</region></country>
<country><code>EH</code><name>Western Sahara</name><region>Africa</region></country>
<country><code>ER</code><name>Eritrea</name><region>Africa</region></country>
<country><code>ES</code><name>Spain</name><region>Europe</region></country>
<country><code>ET</code><name>Ethiopia</name><region>Africa</region></country>
<country><code>FI</code><name>Finland</name><region>Europe</region></country>
<country><code>FJ</code><name>Fiji</name><region>Pacific</region></country>
<country><code>FM</code><name>Micronesia</name><region>Pacific</region></country>
<country><code>FR</code><name>France</name><region>Europe</region></country>
<country><code>GA</code><name>Gabon</name><region>Africa</region></country>
<country><code>GB</code><name>United Kingdom</name><region>Europe</region></country>
<country><code>GD</code><name>Grenada</name><region>Americas</region></country>
<country><code>GE</code><name>Georgia</name><region>Asia</region></country>
<country><code>GF</code><name>French Guiana</name><region>Americas</region></country>
<country><code>GH</code><name>Ghana</name><region>Africa</region></country>
<country><code>GI</code><name>Gibraltar</name><region>Europe</region></country>
<country><code>GL</code><name>Greenland</name><region>Americas</region></country>
<country><code>GM</code><name>Gambia</name><region>Africa</region></country>
<country><code>GN</code><name>Guinea</name><region>Africa</region></country>
<country><code>GP</code><name>Guadeloupe</name><region>Americas</region></country>
<country><code>GQ</code><name>Equatorial Guinea</name><region>Africa</region></country>
<country><code>GR</code><name>Greece</name><region>Europe</region></country>
<country><code>GT</code><name>Guatemala</name><region>Americas</region></country>
<country><code>GU</code><name>Guam</name><region>Pacific</region></country>
<country><code>GW</code><name>Guinea-Bissau</name><region>Africa</region></country>
<country><code>GY</code><name>Guyana</name><region>Americas</region></country>
<country><code>HK</code><name>Hong Kong</name><region>Asia</region></country>
<country><code>HN</code><name>Honduras</name><region>Americas</region></country>
<country><code>HR</code><name>Croatia</name><region>Europe</region></country>
<country><code>HT</code><name>Haiti</name><region>Americas</region></country>
<country><code>HU</code><name>Hungary</name><region>Europe</region></country>
<country><code>ID</code><name>Indonesia</name><region>Asia</region></country>
<country><code>IE</code><name>Ireland</name><region>Europe</region></country>
<country><code>IL</code><name>Israel</name><region>Asia</region></country>
<country><code>IM</code><name>Isle of Man</name><region>Europe</region></country>
<country><code>IN</code><name>India</name><region>Asia</region></country>
<country><code>IO</code><name>British Indian Ocean Territory</name><region>Asia</region></country>
<country><code>IQ</code><name>Iraq</name><region>Asia</region></country>
<country><code>IR</code><name>Iran</name><region>Asia</region></country>
<country><code>IS</code><name>Iceland</name><region>Europe</region></country>
<country><code>IT</code><name>Italy</name><region>Europe</region></country>
<country><code>JM</code><name>Jamaica</name><region>Americas</region></country>
<country><code>JO</code><name>Jordan</name><region>Asia</region></country>
<country><code>JP</code><name>Japan</name><region>Asia</region></country>
<country><code>KE</code><name>Kenya</name><region>Africa</region></country>
<country><code>XK</code><name>Kosovo</name><region>Europe</region></country>
<country><code>KG</code><name>Kyrgyzstan</name><region>Asia</region></country>
<country><code>KH</code><name>Cambodia</name><region>Asia</region></country>
<country><code>KI</code><name>Kiribati</name><region>Pacific</region></country>
<country><code>KM</code><name>Comoros</name><region>Africa</region></country>
<country><code>KN</code><name>Saint Kitts and Nevis</name><region>Americas</region></country>
<country><code>KP</code><name>North Korea</name><region>Asia</region></country>
<country><code>KR</code><name>South Korea</name><region>Asia</region></country>
<country><code>KW</code><name>Kuwait</name><region>Asia</region></country>
<country><code>KY</code><name>Cayman Islands</name><region>Americas</region></country>
<country><code>KZ</code><name>Kazakhstan</name><region>Asia</region></country>
<country><code>LA</code><name>Laos</name><region>Asia</region></country>
<country><code>LB</code><name>Lebanon</name><region>Asia</region></country>
<country><code>LC</code><name>Saint Lucia</name><region>Americas</region></country>
<country><code>LI</code><name>Liechtenstein</name><region>Europe</region></country>
<country><code>LK</code><name>Sri Lanka</name><region>Asia</region></country>
<country><code>LR</code><name>Liberia</name><region>Africa</region></country>
<country><code>LS</code><name>Lesotho</name><region>Africa</region></country>
<country><code>LT</code><name>Lithuania</name><region>Europe</region></country>
<country><code>LU</code><name>Luxembourg</name><region>Europe</region></country>
<country><code>LV</code><name>Latvia</name><region>Europe</region></country>
<country><code>LY</code><name>Libya</name><region>Africa</region></country>
<country><code>MA</code><name>Morocco</name><region>Africa</region></country>
<country><code>MC</code><name>Monaco</name><region>Europe</region></country>
<country><code>MD</code><name>Moldova</name><region>Europe</region></country>
<country><code>ME</code><name>Montenegro</name><region>Europe</region></country>
<country><code>MF</code><name>Saint Martin</name><region>Americas</region></country>
<country><code>MG</code><name>Madagascar</name><region>Africa</region></country>
<country><code>MH</code><name>Marshall Islands</name><region>Pacific</region></country>
<country><code>MK</code><name>Macedonia</name><region>Europe</region></country>
<country><code>ML</code><name>Mali</name><region>Africa</region></country>
<country><code>MM</code><name>Myanmar</name><region>Asia</region></country>
<country><code>MN</code><name>Mongolia</name><region>Asia</region></country>
<country><code>MO</code><name>Macao</name><region>Asia</region></country>
<country><code>MP</code><name>Northern Mariana Islands</name><region>Pacific</region></country>
<country><code>MQ</code><name>Martinique</name><region>Americas</region></country>
<country><code>MR</code><name>Mauritania</name><region>Africa</region></country>
<country><code>MS</code><name>Montserrat</name><region>Americas</region></country>
<country><code>MT</code><name>Malta</name><region>Europe</region></country>
<country><code>MU</code><name>Mauritius</name><region>Africa</region></country>
<country><code>MV</code><name>Maldives</name><region>Asia</region></country>
<country><code>MW</code><name>Malawi</name><region>Africa</region></country>
<country><code>MX</code><name>Mexico</name><region>Americas</region></country>
<country><code>MY</code><name>Malaysia</name><region>Asia</region></country>
<country><code>MZ</code><name>Mozambique</name><region>Africa</region></country>
<country><code>NA</code><name>Namibia</name><region>Africa</region></country>
<country><code>NC</code><name>New Caledonia</name><region>Pacific</region></country>
<country><code>NE</code><name>Niger</name><region>Africa</region></country>
<country><code>NF</code><name>Norfolk Island</name><region>Pacific</region></country>
<country><code>NG</code><name>Nigeria</name><region>Africa</region></country>
<country><code>NI</code><name>Nicaragua</name><region>Americas</region></country>
<country><code>NL</code><name>Netherlands</name><region>Europe</region></country>
<country><code>NO</code><name>Norway</name><region>Europe</region></country>
<country><code>NP</code><name>Nepal</name><region>Asia</region></country>
<country><code>NR</code><name>Nauru</name><region>Pacific</region></country>
<country><code>NU</code><name>Niue</name><region>Pacific</region></country>
<country><code>NZ</code><name>New Zealand</name><region>Pacific</region></country>
<country><code>OM</code><name>Oman</name><region>Asia</region></country>
<country><code>PA</code><name>Panama</name><region>Americas</region></country>
<country><code>PE</code><name>Peru</name><region>Americas</region></country>
<country><code>PF</code><name>French Polynesia</name><region>Pacific</region></country>
<country><code>PG</code><name>Papua New Guinea</name><region>Pacific</region></country>
<country><code>PH</code><name>Philippines</name><region>Asia</region></country>
<country><code>PK</code><name>Pakistan</name><region>Asia</region></country>
<country><code>PL</code><name>Poland</name><region>Europe</region></country>
<country><code>PM</code><name>Saint Pierre and Miquelon</name><region>Americas</region></country>
<country><code>PN</code><name>Pitcairn</name><region>Pacific</region></country>
<country><code>PR</code><name>Puerto Rico</name><region>Americas</region></country>
<country><code>PS</code><name>Palestine</name><region>Asia</region></country>
<country><code>PT</code><name>Portugal</name><region>Europe</region></country>
<country><code>PW</code><name>Palau</name><region>Pacific</region></country>
<country><code>PY</code><name>Paraguay</name><region>Americas</region></country>
<country><code>QA</code><name>Qatar</name><region>Asia</region></country>
<country><code>RE</code><name>Réunion</name><region>Africa</region></country>
<country><code>RO</code><name>Romania</name><region>Europe</region></country>
<country><code>RS</code><name>Serbia</name><region>Europe</region></country>
<country><code>RU</code><name>Russian Federation</name><region>Europe</region></country>
<country><code>RW</code><name>Rwanda</name><region>Africa</region></country>
<country><code>SA</code><name>Saudi Arabia</name><region>Asia</region></country>
<country><code>SB</code><name>Solomon Islands</name><region>Pacific</region></country>
<country><code>SC</code><name>Seychelles</name><region>Africa</region></country>
<country><code>SD</code><name>Sudan</name><region>Africa</region></country>
<country><code>SE</code><name>Sweden</name><region>Europe</region></country>
<country><code>SG</code><name>Singapore</name><region>Asia</region></country>
<country><code>SI</code><name>Slovenia</name><region>Europe</region></country>
<country><code>SK</code><name>Slovakia</name><region>Europe</region></country>
<country><code>SL</code><name>Sierra Leone</name><region>Africa</region></country>
<country><code>SM</code><name>San Marino</name><region>Europe</region></country>
<country><code>SN</code><name>Senegal</name><region>Africa</region></country>
<country><code>SO</code><name>Somalia</name><region>Africa</region></country>
<country><code>SR</code><name>Suriname</name><region>Americas</region></country>
<country><code>SS</code><name>South Sudan</name><region>Africa</region></country>
<country><code>ST</code><name>São Tomé e Príncipe</name><region>Africa</region></country>
<country><code>SV</code><name>El Salvador</name><region>Americas</region></country>
<country><code>SX</code><name>Sint Maarten</name><region>Americas</region></country>
<country><code>SY</code><name>Syria</name><region>Asia</region></country>
<country><code>SZ</code><name>Swaziland</name><region>Africa</region></country>
<country><code>TC</code><name>Turks and Caicos Islands</name><region>Americas</region></country>
<country><code>TD</code><name>Chad</name><region>Africa</region></country>
<country><code>TG</code><name>Togo</name><region>Africa</region></country>
<country><code>TH</code><name>Thailand</name><region>Asia</region></country>
<country><code>TJ</code><name>Tajikistan</name><region>Asia</region></country>
<country><code>TK</code><name>Tokelau</name><region>Pacific</region></country>
<country><code>TL</code><name>East Timor</name><region>Asia</region></country>
<country><code>TM</code><name>Turkmenistan</name><region>Asia</region></country>
<country><code>TN</code><name>Tunisia</name><region>Africa</region></country>
<country><code>TO</code><name>Tonga</name><region>Pacific</region></country>
<country><code>TR</code><name>Turkey</name><region>Asia</region></country>
<country><code>TT</code><name>Trinidad and Tobago</name><region>Americas</region></country>
<country><code>TV</code><name>Tuvalu</name><region>Pacific</region></country>
<country><code>TW</code><name>Taiwan</name><region>Asia</region></country>
<country><code>TZ</code><name>Tanzania</name><region>Africa</region></country>
<country><code>UA</code><name>Ukraine</name><region>Europe</region></country>
<country><code>UG</code><name>Uganda</name><region>Africa</region></country>
<country><code>US</code><name>United States</name><region>Americas</region></country>
<country><code>UY</code><name>Uruguay</name><region>Americas</region></country>
<country><code>UZ</code><name>Uzbekistan</name><region>Asia</region></country>
<country><code>VA</code><name>Vatican State</name><region>Europe</region></country>
<country><code>VC</code><name>Saint Vincent and the Grenadines</name><region>Americas</region></country>
<country><code>VE</code><name>Venezuela</name><region>Americas</region></country>
<country><code>VG</code><name>British Virgin Islands</name><region>Americas</region></country>
<country><code>VI</code><name>U.S. Virgin Islands</name><region>Americas</region></country>
<country><code>VN</code><name>Viet Nam</name><region>Asia</region></country>
<country><code>VU</code><name>Vanuatu</name><region>Pacific</region></country>
<country><code>WF</code><name>Wallis and Futuna</name><region>Pacific</region></country>
<country><code>WS</code><name>Samoa</name><region>Pacific</region></country>
<country><code>YE</code><name>Yemen</name><region>Asia</region></country>
<country><code>YT</code><name>Mayotte</name><region>Africa</region></country>
<country><code>ZA</code><name>South Africa</name><region>Africa</region></country>
<country><code>ZM</code><name>Zambia</name><region>Africa</region></country>
<country><code>ZW</code><name>Zimbabwe</name><region>Africa</region></country>
</CountryCodes>