<?xml version="1.0" encoding="UTF-8"?>
<langList>
<lang><tla>aar</tla><bla>aa</bla><engName>Afar</engName></lang>
<lang><tla>abk</tla><bla>ab</bla><engName>Abkhazian</engName></lang>
<lang><tla>ace</tla><bla></bla><engName>Achinese</engName></lang>
<lang><tla>ach</tla><bla></bla><engName>Acoli</engName></lang>
<lang><tla>ada</tla><bla></bla><engName>Adangme</engName></lang>
<lang><tla>ady</tla><bla></bla><engName>Adyghe; Adygei</engName></lang>
<lang><tla>afa</tla><bla></bla><engName>Afro-Asiatic languages</engName></lang>
<lang><tla>afh</tla><bla></bla><engName>Afrihili</engName></lang>
<lang><tla>afr</tla><bla>af</bla><engName>Afrikaans</engName></lang>
<lang><tla>ain</tla><bla></bla><engName>Ainu</engName></lang>
<lang><tla>aka</tla><bla>ak</bla><engName>Akan</engName></lang>
<lang><tla>akk</tla><bla></bla><engName>Akkadian</engName></lang>
<lang><tla>sqi</tla><bla>sq</bla><engName>Albanian</engName></lang>
<lang><tla>ale</tla><bla></bla><engName>Aleut</engName></lang>
<lang><tla>alg</tla><bla></bla><engName>Algonquian languages</engName></lang>
<lang><tla>alt</tla><bla></bla><engName>Southern Altai</engName></lang>
<lang><tla>amh</tla><bla>am</bla><engName>Amharic</engName></lang>
<lang><tla>ang</tla><bla></bla><engName>English, Old (ca.450-1100)</engName></lang>
<lang><tla>anp</tla><bla></bla><engName>Angika</engName></lang>
<lang><tla>apa</tla><bla></bla><engName>Apache languages</engName></lang>
<lang><tla>ara</tla><bla>ar</bla><engName>Arabic</engName></lang>
<lang><tla>arc</tla><bla></bla><engName>Official Aramaic (700-300 BCE); Imperial Aramaic (700-300 BCE)</engName></lang>
<lang><tla>arg</tla><bla>an</bla><engName>Aragonese</engName></lang>
<lang><tla>hye</tla><bla>hy</bla><engName>Armenian</engName></lang>
<lang><tla>arn</tla><bla></bla><engName>Mapudungun; Mapuche</engName></lang>
<lang><tla>arp</tla><bla></bla><engName>Arapaho</engName></lang>
<lang><tla>art</tla><bla></bla><engName>Artificial languages</engName></lang>
<lang><tla>arw</tla><bla></bla><engName>Arawak</engName></lang>
<lang><tla>asm</tla><bla>as</bla><engName>Assamese</engName></lang>
<lang><tla>ast</tla><bla></bla><engName>Asturian; Bable; Leonese; Asturleonese</engName></lang>
<lang><tla>ath</tla><bla></bla><engName>Athapascan languages</engName></lang>
<lang><tla>aus</tla><bla></bla><engName>Australian languages</engName></lang>
<lang><tla>ava</tla><bla>av</bla><engName>Avaric</engName></lang>
<lang><tla>ave</tla><bla>ae</bla><engName>Avestan</engName></lang>
<lang><tla>awa</tla><bla></bla><engName>Awadhi</engName></lang>
<lang><tla>aym</tla><bla>ay</bla><engName>Aymara</engName></lang>
<lang><tla>aze</tla><bla>az</bla><engName>Azerbaijani</engName></lang>
<lang><tla>bad</tla><bla></bla><engName>Banda languages</engName></lang>
<lang><tla>bai</tla><bla></bla><engName>Bamileke languages</engName></lang>
<lang><tla>bak</tla><bla>ba</bla><engName>Bashkir</engName></lang>
<lang><tla>bal</tla><bla></bla><engName>Baluchi</engName></lang>
<lang><tla>bam</tla><bla>bm</bla><engName>Bambara</engName></lang>
<lang><tla>ban</tla><bla></bla><engName>Balinese</engName></lang>
<lang><tla>eus</tla><bla>eu</bla><engName>Basque</engName></lang>
<lang><tla>bas</tla><bla></bla><engName>Basa</engName></lang>
<lang><tla>bat</tla><bla></bla><engName>Baltic languages</engName></lang>
<lang><tla>bej</tla><bla></bla><engName>Beja; Bedawiyet</engName></lang>
<lang><tla>bel</tla><bla>be</bla><engName>Belarusian</engName></lang>
<lang><tla>bem</tla><bla></bla><engName>Bemba</engName></lang>
<lang><tla>ben</tla><bla>bn</bla><engName>Bengali</engName></lang>
<lang><tla>ber</tla><bla></bla><engName>Berber languages</engName></lang>
<lang><tla>bho</tla><bla></bla><engName>Bhojpuri</engName></lang>
<lang><tla>bih</tla><bla>bh</bla><engName>Bihari languages</engName></lang>
<lang><tla>bik</tla><bla></bla><engName>Bikol</engName></lang>
<lang><tla>bin</tla><bla></bla><engName>Bini; Edo</engName></lang>
<lang><tla>bis</tla><bla>bi</bla><engName>Bislama</engName></lang>
<lang><tla>bla</tla><bla></bla><engName>Siksika</engName></lang>
<lang><tla>bnt</tla><bla></bla><engName>Bantu languages</engName></lang>
<lang><tla>bod</tla><bla>bo</bla><engName>Tibetan</engName></lang>
<lang><tla>bos</tla><bla>bs</bla><engName>Bosnian</engName></lang>
<lang><tla>bra</tla><bla></bla><engName>Braj</engName></lang>
<lang><tla>bre</tla><bla>br</bla><engName>Breton</engName></lang>
<lang><tla>btk</tla><bla></bla><engName>Batak languages</engName></lang>
<lang><tla>bua</tla><bla></bla><engName>Buriat</engName></lang>
<lang><tla>bug</tla><bla></bla><engName>Buginese</engName></lang>
<lang><tla>bul</tla><bla>bg</bla><engName>Bulgarian</engName></lang>
<lang><tla>mya</tla><bla>my</bla><engName>Burmese</engName></lang>
<lang><tla>byn</tla><bla></bla><engName>Blin; Bilin</engName></lang>
<lang><tla>cad</tla><bla></bla><engName>Caddo</engName></lang>
<lang><tla>cai</tla><bla></bla><engName>Central American Indian languages</engName></lang>
<lang><tla>car</tla><bla></bla><engName>Galibi Carib</engName></lang>
<lang><tla>cat</tla><bla>ca</bla><engName>Catalan; Valencian</engName></lang>
<lang><tla>cau</tla><bla></bla><engName>Caucasian languages</engName></lang>
<lang><tla>ceb</tla><bla></bla><engName>Cebuano</engName></lang>
<lang><tla>cel</tla><bla></bla><engName>Celtic languages</engName></lang>
<lang><tla>ces</tla><bla>cs</bla><engName>Czech</engName></lang>
<lang><tla>cha</tla><bla>ch</bla><engName>Chamorro</engName></lang>
<lang><tla>chb</tla><bla></bla><engName>Chibcha</engName></lang>
<lang><tla>che</tla><bla>ce</bla><engName>Chechen</engName></lang>
<lang><tla>chg</tla><bla></bla><engName>Chagatai</engName></lang>
<lang><tla>zho</tla><bla>zh</bla><engName>Chinese</engName></lang>
<lang><tla>chk</tla><bla></bla><engName>Chuukese</engName></lang>
<lang><tla>chm</tla><bla></bla><engName>Mari</engName></lang>
<lang><tla>chn</tla><bla></bla><engName>Chinook jargon</engName></lang>
<lang><tla>cho</tla><bla></bla><engName>Choctaw</engName></lang>
<lang><tla>chp</tla><bla></bla><engName>Chipewyan; Dene Suline</engName></lang>
<lang><tla>chr</tla><bla></bla><engName>Cherokee</engName></lang>
<lang><tla>chu</tla><bla>cu</bla><engName>Church Slavic; Old Slavonic; Church Slavonic; Old Bulgarian; Old Church Slavonic</engName></lang>
<lang><tla>chv</tla><bla>cv</bla><engName>Chuvash</engName></lang>
<lang><tla>chy</tla><bla></bla><engName>Cheyenne</engName></lang>
<lang><tla>cmc</tla><bla></bla><engName>Chamic languages</engName></lang>
<lang><tla>cop</tla><bla></bla><engName>Coptic</engName></lang>
<lang><tla>cor</tla><bla>kw</bla><engName>Cornish</engName></lang>
<lang><tla>cos</tla><bla>co</bla><engName>Corsican</engName></lang>
<lang><tla>cpe</tla><bla></bla><engName>Creoles and pidgins, English based</engName></lang>
<lang><tla>cpf</tla><bla></bla><engName>Creoles and pidgins, French-based</engName></lang>
<lang><tla>cpp</tla><bla></bla><engName>Creoles and pidgins, Portuguese-based</engName></lang>
<lang><tla>cre</tla><bla>cr</bla><engName>Cree</engName></lang>
<lang><tla>crh</tla><bla></bla><engName>Crimean Tatar; Crimean Turkish</engName></lang>
<lang><tla>crp</tla><bla></bla><engName>Creoles and pidgins</engName></lang>
<lang><tla>csb</tla><bla></bla><engName>Kashubian</engName></lang>
<lang><tla>cus</tla><bla></bla><engName>Cushitic languages</engName></lang>
<lang><tla>cym</tla><bla>cy</bla><engName>Welsh</engName></lang>
<lang><tla>ces</tla><bla>cs</bla><engName>Czech</engName></lang>
<lang><tla>dak</tla><bla></bla><engName>Dakota</engName></lang>
<lang><tla>dan</tla><bla>da</bla><engName>Danish</engName></lang>
<lang><tla>dar</tla><bla></bla><engName>Dargwa</engName></lang>
<lang><tla>day</tla><bla></bla><engName>Land Dayak languages</engName></lang>
<lang><tla>del</tla><bla></bla><engName>Delaware</engName></lang>
<lang><tla>den</tla><bla></bla><engName>Slave (Athapascan)</engName></lang>
<lang><tla>deu</tla><bla>de</bla><engName>German</engName></lang>
<lang><tla>dgr</tla><bla></bla><engName>Dogrib</engName></lang>
<lang><tla>din</tla><bla></bla><engName>Dinka</engName></lang>
<lang><tla>div</tla><bla>dv</bla><engName>Divehi; Dhivehi; Maldivian</engName></lang>
<lang><tla>doi</tla><bla></bla><engName>Dogri</engName></lang>
<lang><tla>dra</tla><bla></bla><engName>Dravidian languages</engName></lang>
<lang><tla>dsb</tla><bla></bla><engName>Lower Sorbian</engName></lang>
<lang><tla>dua</tla><bla></bla><engName>Duala</engName></lang>
<lang><tla>dum</tla><bla></bla><engName>Dutch, Middle (ca.1050-1350)</engName></lang>
<lang><tla>nld</tla><bla>nl</bla><engName>Dutch; Flemish</engName></lang>
<lang><tla>dyu</tla><bla></bla><engName>Dyula</engName></lang>
<lang><tla>dzo</tla><bla>dz</bla><engName>Dzongkha</engName></lang>
<lang><tla>efi</tla><bla></bla><engName>Efik</engName></lang>
<lang><tla>egy</tla><bla></bla><engName>Egyptian (Ancient)</engName></lang>
<lang><tla>eka</tla><bla></bla><engName>Ekajuk</engName></lang>
<lang><tla>ell</tla><bla>el</bla><engName>Greek, Modern (1453-)</engName></lang>
<lang><tla>elx</tla><bla></bla><engName>Elamite</engName></lang>
<lang><tla>eng</tla><bla>en</bla><engName>English</engName></lang>
<lang><tla>enm</tla><bla></bla><engName>English, Middle (1100-1500)</engName></lang>
<lang><tla>epo</tla><bla>eo</bla><engName>Esperanto</engName></lang>
<lang><tla>est</tla><bla>et</bla><engName>Estonian</engName></lang>
<lang><tla>eus</tla><bla>eu</bla><engName>Basque</engName></lang>
<lang><tla>ewe</tla><bla>ee</bla><engName>Ewe</engName></lang>
<lang><tla>ewo</tla><bla></bla><engName>Ewondo</engName></lang>
<lang><tla>fan</tla><bla></bla><engName>Fang</engName></lang>
<lang><tla>fao</tla><bla>fo</bla><engName>Faroese</engName></lang>
<lang><tla>fas</tla><bla>fa</bla><engName>Persian</engName></lang>
<lang><tla>fat</tla><bla></bla><engName>Fanti</engName></lang>
<lang><tla>fij</tla><bla>fj</bla><engName>Fijian</engName></lang>
<lang><tla>fil</tla><bla></bla><engName>Filipino; Pilipino</engName></lang>
<lang><tla>fin</tla><bla>fi</bla><engName>Finnish</engName></lang>
<lang><tla>fiu</tla><bla></bla><engName>Finno-Ugrian languages</engName></lang>
<lang><tla>fon</tla><bla></bla><engName>Fon</engName></lang>
<lang><tla>fra</tla><bla>fr</bla><engName>French</engName></lang>
<lang><tla>fra</tla><bla>fr</bla><engName>French</engName></lang>
<lang><tla>frm</tla><bla></bla><engName>French, Middle (ca.1400-1600)</engName></lang>
<lang><tla>fro</tla><bla></bla><engName>French, Old (842-ca.1400)</engName></lang>
<lang><tla>frr</tla><bla></bla><engName>Northern Frisian</engName></lang>
<lang><tla>frs</tla><bla></bla><engName>Eastern Frisian</engName></lang>
<lang><tla>fry</tla><bla>fy</bla><engName>Western Frisian</engName></lang>
<lang><tla>ful</tla><bla>ff</bla><engName>Fulah</engName></lang>
<lang><tla>fur</tla><bla></bla><engName>Friulian</engName></lang>
<lang><tla>gaa</tla><bla></bla><engName>Ga</engName></lang>
<lang><tla>gay</tla><bla></bla><engName>Gayo</engName></lang>
<lang><tla>gba</tla><bla></bla><engName>Gbaya</engName></lang>
<lang><tla>gem</tla><bla></bla><engName>Germanic languages</engName></lang>
<lang><tla>kat</tla><bla>ka</bla><engName>Georgian</engName></lang>
<lang><tla>deu</tla><bla>de</bla><engName>German</engName></lang>
<lang><tla>gez</tla><bla></bla><engName>Geez</engName></lang>
<lang><tla>gil</tla><bla></bla><engName>Gilbertese</engName></lang>
<lang><tla>gla</tla><bla>gd</bla><engName>Gaelic; Scottish Gaelic</engName></lang>
<lang><tla>gle</tla><bla>ga</bla><engName>Irish</engName></lang>
<lang><tla>glg</tla><bla>gl</bla><engName>Galician</engName></lang>
<lang><tla>glv</tla><bla>gv</bla><engName>Manx</engName></lang>
<lang><tla>gmh</tla><bla></bla><engName>German, Middle High (ca.1050-1500)</engName></lang>
<lang><tla>goh</tla><bla></bla><engName>German, Old High (ca.750-1050)</engName></lang>
<lang><tla>gon</tla><bla></bla><engName>Gondi</engName></lang>
<lang><tla>gor</tla><bla></bla><engName>Gorontalo</engName></lang>
<lang><tla>got</tla><bla></bla><engName>Gothic</engName></lang>
<lang><tla>grb</tla><bla></bla><engName>Grebo</engName></lang>
<lang><tla>grc</tla><bla></bla><engName>Greek, Ancient (to 1453)</engName></lang>
<lang><tla>ell</tla><bla>el</bla><engName>Greek, Modern (1453-)</engName></lang>
<lang><tla>grn</tla><bla>gn</bla><engName>Guarani</engName></lang>
<lang><tla>gsw</tla><bla></bla><engName>Swiss German; Alemannic; Alsatian</engName></lang>
<lang><tla>guj</tla><bla>gu</bla><engName>Gujarati</engName></lang>
<lang><tla>gwi</tla><bla></bla><engName>Gwich'in</engName></lang>
<lang><tla>hai</tla><bla></bla><engName>Haida</engName></lang>
<lang><tla>hat</tla><bla>ht</bla><engName>Haitian; Haitian Creole</engName></lang>
<lang><tla>hau</tla><bla>ha</bla><engName>Hausa</engName></lang>
<lang><tla>haw</tla><bla></bla><engName>Hawaiian</engName></lang>
<lang><tla>heb</tla><bla>he</bla><engName>Hebrew</engName></lang>
<lang><tla>her</tla><bla>hz</bla><engName>Herero</engName></lang>
<lang><tla>hil</tla><bla></bla><engName>Hiligaynon</engName></lang>
<lang><tla>him</tla><bla></bla><engName>Himachali languages; Western Pahari languages</engName></lang>
<lang><tla>hin</tla><bla>hi</bla><engName>Hindi</engName></lang>
<lang><tla>hit</tla><bla></bla><engName>Hittite</engName></lang>
<lang><tla>hmn</tla><bla></bla><engName>Hmong; Mong</engName></lang>
<lang><tla>hmo</tla><bla>ho</bla><engName>Hiri Motu</engName></lang>
<lang><tla>hrv</tla><bla>hr</bla><engName>Croatian</engName></lang>
<lang><tla>hsb</tla><bla></bla><engName>Upper Sorbian</engName></lang>
<lang><tla>hun</tla><bla>hu</bla><engName>Hungarian</engName></lang>
<lang><tla>hup</tla><bla></bla><engName>Hupa</engName></lang>
<lang><tla>hye</tla><bla>hy</bla><engName>Armenian</engName></lang>
<lang><tla>iba</tla><bla></bla><engName>Iban</engName></lang>
<lang><tla>ibo</tla><bla>ig</bla><engName>Igbo</engName></lang>
<lang><tla>isl</tla><bla>is</bla><engName>Icelandic</engName></lang>
<lang><tla>ido</tla><bla>io</bla><engName>Ido</engName></lang>
<lang><tla>iii</tla><bla>ii</bla><engName>Sichuan Yi; Nuosu</engName></lang>
<lang><tla>ijo</tla><bla></bla><engName>Ijo languages</engName></lang>
<lang><tla>iku</tla><bla>iu</bla><engName>Inuktitut</engName></lang>
<lang><tla>ile</tla><bla>ie</bla><engName>Interlingue; Occidental</engName></lang>
<lang><tla>ilo</tla><bla></bla><engName>Iloko</engName></lang>
<lang><tla>ina</tla><bla>ia</bla><engName>Interlingua (International Auxiliary Language Association)</engName></lang>
<lang><tla>inc</tla><bla></bla><engName>Indic languages</engName></lang>
<lang><tla>ind</tla><bla>id</bla><engName>Indonesian</engName></lang>
<lang><tla>ine</tla><bla></bla><engName>Indo-European languages</engName></lang>
<lang><tla>inh</tla><bla></bla><engName>Ingush</engName></lang>
<lang><tla>ipk</tla><bla>ik</bla><engName>Inupiaq</engName></lang>
<lang><tla>ira</tla><bla></bla><engName>Iranian languages</engName></lang>
<lang><tla>iro</tla><bla></bla><engName>Iroquoian languages</engName></lang>
<lang><tla>isl</tla><bla>is</bla><engName>Icelandic</engName></lang>
<lang><tla>ita</tla><bla>it</bla><engName>Italian</engName></lang>
<lang><tla>jav</tla><bla>jv</bla><engName>Javanese</engName></lang>
<lang><tla>jbo</tla><bla></bla><engName>Lojban</engName></lang>
<lang><tla>jpn</tla><bla>ja</bla><engName>Japanese</engName></lang>
<lang><tla>jpr</tla><bla></bla><engName>Judeo-Persian</engName></lang>
<lang><tla>jrb</tla><bla></bla><engName>Judeo-Arabic</engName></lang>
<lang><tla>kaa</tla><bla></bla><engName>Kara-Kalpak</engName></lang>
<lang><tla>kab</tla><bla></bla><engName>Kabyle</engName></lang>
<lang><tla>kac</tla><bla></bla><engName>Kachin; Jingpho</engName></lang>
<lang><tla>kal</tla><bla>kl</bla><engName>Kalaallisut; Greenlandic</engName></lang>
<lang><tla>kam</tla><bla></bla><engName>Kamba</engName></lang>
<lang><tla>kan</tla><bla>kn</bla><engName>Kannada</engName></lang>
<lang><tla>kar</tla><bla></bla><engName>Karen languages</engName></lang>
<lang><tla>kas</tla><bla>ks</bla><engName>Kashmiri</engName></lang>
<lang><tla>kat</tla><bla>ka</bla><engName>Georgian</engName></lang>
<lang><tla>kau</tla><bla>kr</bla><engName>Kanuri</engName></lang>
<lang><tla>kaw</tla><bla></bla><engName>Kawi</engName></lang>
<lang><tla>kaz</tla><bla>kk</bla><engName>Kazakh</engName></lang>
<lang><tla>kbd</tla><bla></bla><engName>Kabardian</engName></lang>
<lang><tla>kha</tla><bla></bla><engName>Khasi</engName></lang>
<lang><tla>khi</tla><bla></bla><engName>Khoisan languages</engName></lang>
<lang><tla>khm</tla><bla>km</bla><engName>Central Khmer</engName></lang>
<lang><tla>kho</tla><bla></bla><engName>Khotanese; Sakan</engName></lang>
<lang><tla>kik</tla><bla>ki</bla><engName>Kikuyu; Gikuyu</engName></lang>
<lang><tla>kin</tla><bla>rw</bla><engName>Kinyarwanda</engName></lang>
<lang><tla>kir</tla><bla>ky</bla><engName>Kirghiz; Kyrgyz</engName></lang>
<lang><tla>kmb</tla><bla></bla><engName>Kimbundu</engName></lang>
<lang><tla>kok</tla><bla></bla><engName>Konkani</engName></lang>
<lang><tla>kom</tla><bla>kv</bla><engName>Komi</engName></lang>
<lang><tla>kon</tla><bla>kg</bla><engName>Kongo</engName></lang>
<lang><tla>kor</tla><bla>ko</bla><engName>Korean</engName></lang>
<lang><tla>kos</tla><bla></bla><engName>Kosraean</engName></lang>
<lang><tla>kpe</tla><bla></bla><engName>Kpelle</engName></lang>
<lang><tla>krc</tla><bla></bla><engName>Karachay-Balkar</engName></lang>
<lang><tla>krl</tla><bla></bla><engName>Karelian</engName></lang>
<lang><tla>kro</tla><bla></bla><engName>Kru languages</engName></lang>
<lang><tla>kru</tla><bla></bla><engName>Kurukh</engName></lang>
<lang><tla>kua</tla><bla>kj</bla><engName>Kuanyama; Kwanyama</engName></lang>
<lang><tla>kum</tla><bla></bla><engName>Kumyk</engName></lang>
<lang><tla>kur</tla><bla>ku</bla><engName>Kurdish</engName></lang>
<lang><tla>kut</tla><bla></bla><engName>Kutenai</engName></lang>
<lang><tla>lad</tla><bla></bla><engName>Ladino</engName></lang>
<lang><tla>lah</tla><bla></bla><engName>Lahnda</engName></lang>
<lang><tla>lam</tla><bla></bla><engName>Lamba</engName></lang>
<lang><tla>lao</tla><bla>lo</bla><engName>Lao</engName></lang>
<lang><tla>lat</tla><bla>la</bla><engName>Latin</engName></lang>
<lang><tla>lav</tla><bla>lv</bla><engName>Latvian</engName></lang>
<lang><tla>lez</tla><bla></bla><engName>Lezghian</engName></lang>
<lang><tla>lim</tla><bla>li</bla><engName>Limburgan; Limburger; Limburgish</engName></lang>
<lang><tla>lin</tla><bla>ln</bla><engName>Lingala</engName></lang>
<lang><tla>lit</tla><bla>lt</bla><engName>Lithuanian</engName></lang>
<lang><tla>lol</tla><bla></bla><engName>Mongo</engName></lang>
<lang><tla>loz</tla><bla></bla><engName>Lozi</engName></lang>
<lang><tla>ltz</tla><bla>lb</bla><engName>Luxembourgish; Letzeburgesch</engName></lang>
<lang><tla>lua</tla><bla></bla><engName>Luba-Lulua</engName></lang>
<lang><tla>lub</tla><bla>lu</bla><engName>Luba-Katanga</engName></lang>
<lang><tla>lug</tla><bla>lg</bla><engName>Ganda</engName></lang>
<lang><tla>lui</tla><bla></bla><engName>Luiseno</engName></lang>
<lang><tla>lun</tla><bla></bla><engName>Lunda</engName></lang>
<lang><tla>luo</tla><bla></bla><engName>Luo (Kenya and Tanzania)</engName></lang>
<lang><tla>lus</tla><bla></bla><engName>Lushai</engName></lang>
<lang><tla>mkd</tla><bla>mk</bla><engName>Macedonian</engName></lang>
<lang><tla>mad</tla><bla></bla><engName>Madurese</engName></lang>
<lang><tla>mag</tla><bla></bla><engName>Magahi</engName></lang>
<lang><tla>mah</tla><bla>mh</bla><engName>Marshallese</engName></lang>
<lang><tla>mai</tla><bla></bla><engName>Maithili</engName></lang>
<lang><tla>mak</tla><bla></bla><engName>Makasar</engName></lang>
<lang><tla>mal</tla><bla>ml</bla><engName>Malayalam</engName></lang>
<lang><tla>man</tla><bla></bla><engName>Mandingo</engName></lang>
<lang><tla>mri</tla><bla>mi</bla><engName>Maori</engName></lang>
<lang><tla>map</tla><bla></bla><engName>Austronesian languages</engName></lang>
<lang><tla>mar</tla><bla>mr</bla><engName>Marathi</engName></lang>
<lang><tla>mas</tla><bla></bla><engName>Masai</engName></lang>
<lang><tla>msa</tla><bla>ms</bla><engName>Malay</engName></lang>
<lang><tla>mdf</tla><bla></bla><engName>Moksha</engName></lang>
<lang><tla>mdr</tla><bla></bla><engName>Mandar</engName></lang>
<lang><tla>men</tla><bla></bla><engName>Mende</engName></lang>
<lang><tla>mga</tla><bla></bla><engName>Irish, Middle (900-1200)</engName></lang>
<lang><tla>mic</tla><bla></bla><engName>Mi'kmaq; Micmac</engName></lang>
<lang><tla>min</tla><bla></bla><engName>Minangkabau</engName></lang>
<lang><tla>mis</tla><bla></bla><engName>Uncoded languages</engName></lang>
<lang><tla>mkd</tla><bla>mk</bla><engName>Macedonian</engName></lang>
<lang><tla>mkh</tla><bla></bla><engName>Mon-Khmer languages</engName></lang>
<lang><tla>mlg</tla><bla>mg</bla><engName>Malagasy</engName></lang>
<lang><tla>mlt</tla><bla>mt</bla><engName>Maltese</engName></lang>
<lang><tla>mnc</tla><bla></bla><engName>Manchu</engName></lang>
<lang><tla>mni</tla><bla></bla><engName>Manipuri</engName></lang>
<lang><tla>mno</tla><bla></bla><engName>Manobo languages</engName></lang>
<lang><tla>moh</tla><bla></bla><engName>Mohawk</engName></lang>
<lang><tla>mon</tla><bla>mn</bla><engName>Mongolian</engName></lang>
<lang><tla>mos</tla><bla></bla><engName>Mossi</engName></lang>
<lang><tla>mri</tla><bla>mi</bla><engName>Maori</engName></lang>
<lang><tla>msa</tla><bla>ms</bla><engName>Malay</engName></lang>
<lang><tla>mul</tla><bla></bla><engName>Multiple languages</engName></lang>
<lang><tla>mun</tla><bla></bla><engName>Munda languages</engName></lang>
<lang><tla>mus</tla><bla></bla><engName>Creek</engName></lang>
<lang><tla>mwl</tla><bla></bla><engName>Mirandese</engName></lang>
<lang><tla>mwr</tla><bla></bla><engName>Marwari</engName></lang>
<lang><tla>mya</tla><bla>my</bla><engName>Burmese</engName></lang>
<lang><tla>myn</tla><bla></bla><engName>Mayan languages</engName></lang>
<lang><tla>myv</tla><bla></bla><engName>Erzya</engName></lang>
<lang><tla>nah</tla><bla></bla><engName>Nahuatl languages</engName></lang>
<lang><tla>nai</tla><bla></bla><engName>North American Indian languages</engName></lang>
<lang><tla>nap</tla><bla></bla><engName>Neapolitan</engName></lang>
<lang><tla>nau</tla><bla>na</bla><engName>Nauru</engName></lang>
<lang><tla>nav</tla><bla>nv</bla><engName>Navajo; Navaho</engName></lang>
<lang><tla>nbl</tla><bla>nr</bla><engName>Ndebele, South; South Ndebele</engName></lang>
<lang><tla>nde</tla><bla>nd</bla><engName>Ndebele, North; North Ndebele</engName></lang>
<lang><tla>ndo</tla><bla>ng</bla><engName>Ndonga</engName></lang>
<lang><tla>nds</tla><bla></bla><engName>Low German; Low Saxon; German, Low; Saxon, Low</engName></lang>
<lang><tla>nep</tla><bla>ne</bla><engName>Nepali</engName></lang>
<lang><tla>new</tla><bla></bla><engName>Nepal Bhasa; Newari</engName></lang>
<lang><tla>nia</tla><bla></bla><engName>Nias</engName></lang>
<lang><tla>nic</tla><bla></bla><engName>Niger-Kordofanian languages</engName></lang>
<lang><tla>niu</tla><bla></bla><engName>Niuean</engName></lang>
<lang><tla>nld</tla><bla>nl</bla><engName>Dutch; Flemish</engName></lang>
<lang><tla>nno</tla><bla>nn</bla><engName>Norwegian Nynorsk; Nynorsk, Norwegian</engName></lang>
<lang><tla>nob</tla><bla>nb</bla><engName>Bokmål, Norwegian; Norwegian Bokmål</engName></lang>
<lang><tla>nog</tla><bla></bla><engName>Nogai</engName></lang>
<lang><tla>non</tla><bla></bla><engName>Norse, Old</engName></lang>
<lang><tla>nor</tla><bla>no</bla><engName>Norwegian</engName></lang>
<lang><tla>nqo</tla><bla></bla><engName>N'Ko</engName></lang>
<lang><tla>nso</tla><bla></bla><engName>Pedi; Sepedi; Northern Sotho</engName></lang>
<lang><tla>nub</tla><bla></bla><engName>Nubian languages</engName></lang>
<lang><tla>nwc</tla><bla></bla><engName>Classical Newari; Old Newari; Classical Nepal Bhasa</engName></lang>
<lang><tla>nya</tla><bla>ny</bla><engName>Chichewa; Chewa; Nyanja</engName></lang>
<lang><tla>nym</tla><bla></bla><engName>Nyamwezi</engName></lang>
<lang><tla>nyn</tla><bla></bla><engName>Nyankole</engName></lang>
<lang><tla>nyo</tla><bla></bla><engName>Nyoro</engName></lang>
<lang><tla>nzi</tla><bla></bla><engName>Nzima</engName></lang>
<lang><tla>oci</tla><bla>oc</bla><engName>Occitan (post 1500)</engName></lang>
<lang><tla>oji</tla><bla>oj</bla><engName>Ojibwa</engName></lang>
<lang><tla>ori</tla><bla>or</bla><engName>Oriya</engName></lang>
<lang><tla>orm</tla><bla>om</bla><engName>Oromo</engName></lang>
<lang><tla>osa</tla><bla></bla><engName>Osage</engName></lang>
<lang><tla>oss</tla><bla>os</bla><engName>Ossetian; Ossetic</engName></lang>
<lang><tla>ota</tla><bla></bla><engName>Turkish, Ottoman (1500-1928)</engName></lang>
<lang><tla>oto</tla><bla></bla><engName>Otomian languages</engName></lang>
<lang><tla>paa</tla><bla></bla><engName>Papuan languages</engName></lang>
<lang><tla>pag</tla><bla></bla><engName>Pangasinan</engName></lang>
<lang><tla>pal</tla><bla></bla><engName>Pahlavi</engName></lang>
<lang><tla>pam</tla><bla></bla><engName>Pampanga; Kapampangan</engName></lang>
<lang><tla>pan</tla><bla>pa</bla><engName>Panjabi; Punjabi</engName></lang>
<lang><tla>pap</tla><bla></bla><engName>Papiamento</engName></lang>
<lang><tla>pau</tla><bla></bla><engName>Palauan</engName></lang>
<lang><tla>peo</tla><bla></bla><engName>Persian, Old (ca.600-400 B.C.)</engName></lang>
<lang><tla>fas</tla><bla>fa</bla><engName>Persian</engName></lang>
<lang><tla>phi</tla><bla></bla><engName>Philippine languages</engName></lang>
<lang><tla>phn</tla><bla></bla><engName>Phoenician</engName></lang>
<lang><tla>pli</tla><bla>pi</bla><engName>Pali</engName></lang>
<lang><tla>pol</tla><bla>pl</bla><engName>Polish</engName></lang>
<lang><tla>pon</tla><bla></bla><engName>Pohnpeian</engName></lang>
<lang><tla>por</tla><bla>pt</bla><engName>Portuguese</engName></lang>
<lang><tla>pra</tla><bla></bla><engName>Prakrit languages</engName></lang>
<lang><tla>pro</tla><bla></bla><engName>Provençal, Old (to 1500);Occitan, Old (to 1500)</engName></lang>
<lang><tla>pus</tla><bla>ps</bla><engName>Pushto; Pashto</engName></lang>
<lang><tla>qaa-qtz</tla><bla></bla><engName>Reserved for local use</engName></lang>
<lang><tla>que</tla><bla>qu</bla><engName>Quechua</engName></lang>
<lang><tla>raj</tla><bla></bla><engName>Rajasthani</engName></lang>
<lang><tla>rap</tla><bla></bla><engName>Rapanui</engName></lang>
<lang><tla>rar</tla><bla></bla><engName>Rarotongan; Cook Islands Maori</engName></lang>
<lang><tla>roa</tla><bla></bla><engName>Romance languages</engName></lang>
<lang><tla>roh</tla><bla>rm</bla><engName>Romansh</engName></lang>
<lang><tla>rom</tla><bla></bla><engName>Romany</engName></lang>
<lang><tla>ron</tla><bla>ro</bla><engName>Romanian; Moldavian; Moldovan</engName></lang>
<lang><tla>ron</tla><bla>ro</bla><engName>Romanian; Moldavian; Moldovan</engName></lang>
<lang><tla>run</tla><bla>rn</bla><engName>Rundi</engName></lang>
<lang><tla>rup</tla><bla></bla><engName>Aromanian; Arumanian; Macedo-Romanian</engName></lang>
<lang><tla>rus</tla><bla>ru</bla><engName>Russian</engName></lang>
<lang><tla>sad</tla><bla></bla><engName>Sandawe</engName></lang>
<lang><tla>sag</tla><bla>sg</bla><engName>Sango</engName></lang>
<lang><tla>sah</tla><bla></bla><engName>Yakut</engName></lang>
<lang><tla>sai</tla><bla></bla><engName>South American Indian languages</engName></lang>
<lang><tla>sal</tla><bla></bla><engName>Salishan languages</engName></lang>
<lang><tla>sam</tla><bla></bla><engName>Samaritan Aramaic</engName></lang>
<lang><tla>san</tla><bla>sa</bla><engName>Sanskrit</engName></lang>
<lang><tla>sas</tla><bla></bla><engName>Sasak</engName></lang>
<lang><tla>sat</tla><bla></bla><engName>Santali</engName></lang>
<lang><tla>scn</tla><bla></bla><engName>Sicilian</engName></lang>
<lang><tla>sco</tla><bla></bla><engName>Scots</engName></lang>
<lang><tla>sel</tla><bla></bla><engName>Selkup</engName></lang>
<lang><tla>sem</tla><bla></bla><engName>Semitic languages</engName></lang>
<lang><tla>sga</tla><bla></bla><engName>Irish, Old (to 900)</engName></lang>
<lang><tla>sgn</tla><bla></bla><engName>Sign Languages</engName></lang>
<lang><tla>shn</tla><bla></bla><engName>Shan</engName></lang>
<lang><tla>sid</tla><bla></bla><engName>Sidamo</engName></lang>
<lang><tla>sin</tla><bla>si</bla><engName>Sinhala; Sinhalese</engName></lang>
<lang><tla>sio</tla><bla></bla><engName>Siouan languages</engName></lang>
<lang><tla>sit</tla><bla></bla><engName>Sino-Tibetan languages</engName></lang>
<lang><tla>sla</tla><bla></bla><engName>Slavic languages</engName></lang>
<lang><tla>slk</tla><bla>sk</bla><engName>Slovak</engName></lang>
<lang><tla>slk</tla><bla>sk</bla><engName>Slovak</engName></lang>
<lang><tla>slv</tla><bla>sl</bla><engName>Slovenian</engName></lang>
<lang><tla>sma</tla><bla></bla><engName>Southern Sami</engName></lang>
<lang><tla>sme</tla><bla>se</bla><engName>Northern Sami</engName></lang>
<lang><tla>smi</tla><bla></bla><engName>Sami languages</engName></lang>
<lang><tla>smj</tla><bla></bla><engName>Lule Sami</engName></lang>
<lang><tla>smn</tla><bla></bla><engName>Inari Sami</engName></lang>
<lang><tla>smo</tla><bla>sm</bla><engName>Samoan</engName></lang>
<lang><tla>sms</tla><bla></bla><engName>Skolt Sami</engName></lang>
<lang><tla>sna</tla><bla>sn</bla><engName>Shona</engName></lang>
<lang><tla>snd</tla><bla>sd</bla><engName>Sindhi</engName></lang>
<lang><tla>snk</tla><bla></bla><engName>Soninke</engName></lang>
<lang><tla>sog</tla><bla></bla><engName>Sogdian</engName></lang>
<lang><tla>som</tla><bla>so</bla><engName>Somali</engName></lang>
<lang><tla>son</tla><bla></bla><engName>Songhai languages</engName></lang>
<lang><tla>sot</tla><bla>st</bla><engName>Sotho, Southern</engName></lang>
<lang><tla>spa</tla><bla>es</bla><engName>Spanish; Castilian</engName></lang>
<lang><tla>sqi</tla><bla>sq</bla><engName>Albanian</engName></lang>
<lang><tla>srd</tla><bla>sc</bla><engName>Sardinian</engName></lang>
<lang><tla>srn</tla><bla></bla><engName>Sranan Tongo</engName></lang>
<lang><tla>srp</tla><bla>sr</bla><engName>Serbian</engName></lang>
<lang><tla>srr</tla><bla></bla><engName>Serer</engName></lang>
<lang><tla>ssa</tla><bla></bla><engName>Nilo-Saharan languages</engName></lang>
<lang><tla>ssw</tla><bla>ss</bla><engName>Swati</engName></lang>
<lang><tla>suk</tla><bla></bla><engName>Sukuma</engName></lang>
<lang><tla>sun</tla><bla>su</bla><engName>Sundanese</engName></lang>
<lang><tla>sus</tla><bla></bla><engName>Susu</engName></lang>
<lang><tla>sux</tla><bla></bla><engName>Sumerian</engName></lang>
<lang><tla>swa</tla><bla>sw</bla><engName>Swahili</engName></lang>
<lang><tla>swe</tla><bla>sv</bla><engName>Swedish</engName></lang>
<lang><tla>syc</tla><bla></bla><engName>Classical Syriac</engName></lang>
<lang><tla>syr</tla><bla></bla><engName>Syriac</engName></lang>
<lang><tla>tah</tla><bla>ty</bla><engName>Tahitian</engName></lang>
<lang><tla>tai</tla><bla></bla><engName>Tai languages</engName></lang>
<lang><tla>tam</tla><bla>ta</bla><engName>Tamil</engName></lang>
<lang><tla>tat</tla><bla>tt</bla><engName>Tatar</engName></lang>
<lang><tla>tel</tla><bla>te</bla><engName>Telugu</engName></lang>
<lang><tla>tem</tla><bla></bla><engName>Timne</engName></lang>
<lang><tla>ter</tla><bla></bla><engName>Tereno</engName></lang>
<lang><tla>tet</tla><bla></bla><engName>Tetum</engName></lang>
<lang><tla>tgk</tla><bla>tg</bla><engName>Tajik</engName></lang>
<lang><tla>tgl</tla><bla>tl</bla><engName>Tagalog</engName></lang>
<lang><tla>tha</tla><bla>th</bla><engName>Thai</engName></lang>
<lang><tla>bod</tla><bla>bo</bla><engName>Tibetan</engName></lang>
<lang><tla>tig</tla><bla></bla><engName>Tigre</engName></lang>
<lang><tla>tir</tla><bla>ti</bla><engName>Tigrinya</engName></lang>
<lang><tla>tiv</tla><bla></bla><engName>Tiv</engName></lang>
<lang><tla>tkl</tla><bla></bla><engName>Tokelau</engName></lang>
<lang><tla>tlh</tla><bla></bla><engName>Klingon; tlhIngan-Hol</engName></lang>
<lang><tla>tli</tla><bla></bla><engName>Tlingit</engName></lang>
<lang><tla>tmh</tla><bla></bla><engName>Tamashek</engName></lang>
<lang><tla>tog</tla><bla></bla><engName>Tonga (Nyasa)</engName></lang>
<lang><tla>ton</tla><bla>to</bla><engName>Tonga (Tonga Islands)</engName></lang>
<lang><tla>tpi</tla><bla></bla><engName>Tok Pisin</engName></lang>
<lang><tla>tsi</tla><bla></bla><engName>Tsimshian</engName></lang>
<lang><tla>tsn</tla><bla>tn</bla><engName>Tswana</engName></lang>
<lang><tla>tso</tla><bla>ts</bla><engName>Tsonga</engName></lang>
<lang><tla>tuk</tla><bla>tk</bla><engName>Turkmen</engName></lang>
<lang><tla>tum</tla><bla></bla><engName>Tumbuka</engName></lang>
<lang><tla>tup</tla><bla></bla><engName>Tupi languages</engName></lang>
<lang><tla>tur</tla><bla>tr</bla><engName>Turkish</engName></lang>
<lang><tla>tut</tla><bla></bla><engName>Altaic languages</engName></lang>
<lang><tla>tvl</tla><bla></bla><engName>Tuvalu</engName></lang>
<lang><tla>twi</tla><bla>tw</bla><engName>Twi</engName></lang>
<lang><tla>tyv</tla><bla></bla><engName>Tuvinian</engName></lang>
<lang><tla>udm</tla><bla></bla><engName>Udmurt</engName></lang>
<lang><tla>uga</tla><bla></bla><engName>Ugaritic</engName></lang>
<lang><tla>uig</tla><bla>ug</bla><engName>Uighur; Uyghur</engName></lang>
<lang><tla>ukr</tla><bla>uk</bla><engName>Ukrainian</engName></lang>
<lang><tla>umb</tla><bla></bla><engName>Umbundu</engName></lang>
<lang><tla>und</tla><bla></bla><engName>Undetermined</engName></lang>
<lang><tla>urd</tla><bla>ur</bla><engName>Urdu</engName></lang>
<lang><tla>uzb</tla><bla>uz</bla><engName>Uzbek</engName></lang>
<lang><tla>vai</tla><bla></bla><engName>Vai</engName></lang>
<lang><tla>ven</tla><bla>ve</bla><engName>Venda</engName></lang>
<lang><tla>vie</tla><bla>vi</bla><engName>Vietnamese</engName></lang>
<lang><tla>vol</tla><bla>vo</bla><engName>Volapük</engName></lang>
<lang><tla>vot</tla><bla></bla><engName>Votic</engName></lang>
<lang><tla>wak</tla><bla></bla><engName>Wakashan languages</engName></lang>
<lang><tla>wal</tla><bla></bla><engName>Wolaitta; Wolaytta</engName></lang>
<lang><tla>war</tla><bla></bla><engName>Waray</engName></lang>
<lang><tla>was</tla><bla></bla><engName>Washo</engName></lang>
<lang><tla>cym</tla><bla>cy</bla><engName>Welsh</engName></lang>
<lang><tla>wen</tla><bla></bla><engName>Sorbian languages</engName></lang>
<lang><tla>wln</tla><bla>wa</bla><engName>Walloon</engName></lang>
<lang><tla>wol</tla><bla>wo</bla><engName>Wolof</engName></lang>
<lang><tla>xal</tla><bla></bla><engName>Kalmyk; Oirat</engName></lang>
<lang><tla>xho</tla><bla>xh</bla><engName>Xhosa</engName></lang>
<lang><tla>yao</tla><bla></bla><engName>Yao</engName></lang>
<lang><tla>yap</tla><bla></bla><engName>Yapese</engName></lang>
<lang><tla>yid</tla><bla>yi</bla><engName>Yiddish</engName></lang>
<lang><tla>yor</tla><bla>yo</bla><engName>Yoruba</engName></lang>
<lang><tla>ypk</tla><bla></bla><engName>Yupik languages</engName></lang>
<lang><tla>zap</tla><bla></bla><engName>Zapotec</engName></lang>
<lang><tla>zbl</tla><bla></bla><engName>Blissymbols; Blissymbolics; Bliss</engName></lang>
<lang><tla>zen</tla><bla></bla><engName>Zenaga</engName></lang>
<lang><tla>zha</tla><bla>za</bla><engName>Zhuang; Chuang</engName></lang>
<lang><tla>zho</tla><bla>zh</bla><engName>Chinese</engName></lang>
<lang><tla>znd</tla><bla></bla><engName>Zande languages</engName></lang>
<lang><tla>zul</tla><bla>zu</bla><engName>Zulu</engName></lang>
<lang><tla>zun</tla><bla></bla><engName>Zuni</engName></lang>
<lang><tla>zxx</tla><bla></bla><engName>No linguistic content; Not applicable</engName></lang>
<lang><tla>zza</tla><bla></bla><engName>Zaza; Dimili; Dimli; Kirdki; Kirmanjki; Zazaki</engName></lang>    
</langList>
