<?xml version="1.0" encoding="UTF-8" standalone="yes"?>
<?mso-application progid="Word.Document"?>
<w:wordDocument xmlns:w="http://schemas.microsoft.com/office/word/2003/wordml" xmlns:v="urn:schemas-microsoft-com:vml" xmlns:w10="urn:schemas-microsoft-com:office:word" xmlns:sl="http://schemas.microsoft.com/schemaLibrary/2003/core" xmlns:aml="http://schemas.microsoft.com/aml/2001/core" xmlns:wx="http://schemas.microsoft.com/office/word/2003/auxHint" xmlns:o="urn:schemas-microsoft-com:office:office" xmlns:dt="uuid:C2F41010-65B3-11d1-A29F-00AA00C14882" xmlns:wsp="http://schemas.microsoft.com/office/word/2003/wordml/sp2" xmlns:ns1="http://ebt.cx/usfx/usfx-2004-10-22.xsd" w:macrosPresent="no" w:embeddedObjPresent="no" w:ocxPresent="no" xml:space="preserve"><w:ignoreElements w:val="http://schemas.microsoft.com/office/word/2003/wordml/sp2"/><o:DocumentProperties><o:Title>Contents</o:Title><o:Author>Michael Paul Johnson</o:Author><o:LastAuthor>Kahunapule Michael Johnson</o:LastAuthor><o:Revision>27</o:Revision><o:TotalTime>31</o:TotalTime><o:Created>2004-10-28T04:41:00Z</o:Created><o:LastSaved>2006-11-10T13:47:00Z</o:LastSaved><o:Pages>1</o:Pages><o:Words>20</o:Words><o:Characters>117</o:Characters><o:Company>SIL</o:Company><o:Lines>1</o:Lines><o:Paragraphs>1</o:Paragraphs><o:CharactersWithSpaces>136</o:CharactersWithSpaces><o:Version>11.8106</o:Version></o:DocumentProperties><w:fonts><w:defaultFonts w:ascii="Times New Roman" w:fareast="Times New Roman" w:h-ansi="Times New Roman" w:cs="Times New Roman"/><w:font w:name="SimSun"><w:altName w:val="宋体"/><w:panose-1 w:val="02010600030101010101"/><w:charset w:val="86"/><w:family w:val="Auto"/><w:notTrueType/><w:pitch w:val="variable"/><w:sig w:usb-0="00000001" w:usb-1="080E0000" w:usb-2="00000010" w:usb-3="00000000" w:csb-0="00040000" w:csb-1="00000000"/></w:font><w:font w:name="Arial Unicode MS"><w:panose-1 w:val="020B0604020202020204"/><w:charset w:val="80"/><w:family w:val="Swiss"/><w:pitch w:val="variable"/><w:sig w:usb-0="FFFFFFFF" w:usb-1="E9FFFFFF" w:usb-2="0000003F" w:usb-3="00000000" w:csb-0="003F01FF" w:csb-1="00000000"/></w:font><w:font w:name="@SimSun"><w:panose-1 w:val="02010600030101010101"/><w:charset w:val="86"/><w:family w:val="Auto"/><w:pitch w:val="variable"/><w:sig w:usb-0="00000003" w:usb-1="080E0000" w:usb-2="00000010" w:usb-3="00000000" w:csb-0="00040001" w:csb-1="00000000"/></w:font><w:font w:name="Arial Narrow"><w:panose-1 w:val="020B0506020202030204"/><w:charset w:val="00"/><w:family w:val="Swiss"/><w:pitch w:val="variable"/><w:sig w:usb-0="00000287" w:usb-1="00000000" w:usb-2="00000000" w:usb-3="00000000" w:csb-0="0000009F" w:csb-1="00000000"/></w:font><w:font w:name="@Arial Unicode MS"><w:panose-1 w:val="020B0604020202020204"/><w:charset w:val="80"/><w:family w:val="Swiss"/><w:pitch w:val="variable"/><w:sig w:usb-0="FFFFFFFF" w:usb-1="E9FFFFFF" w:usb-2="0000003F" w:usb-3="00000000" w:csb-0="003F01FF" w:csb-1="00000000"/></w:font><w:font w:name="Andika DesRev A"><w:panose-1 w:val="02000000000000000000"/><w:charset w:val="00"/><w:family w:val="Auto"/><w:pitch w:val="variable"/><w:sig w:usb-0="00000003" w:usb-1="00000000" w:usb-2="00000000" w:usb-3="00000000" w:csb-0="00000001" w:csb-1="00000000"/></w:font><w:font w:name="Doulos SIL"><w:panose-1 w:val="02000500070000020004"/><w:charset w:val="00"/><w:family w:val="Auto"/><w:pitch w:val="variable"/><w:sig w:usb-0="A000027F" w:usb-1="12000013" w:usb-2="00000000" w:usb-3="00000000" w:csb-0="00000197" w:csb-1="00000000"/></w:font><w:font w:name="EBT Basic"><w:panose-1 w:val="020B0604020202020204"/><w:charset w:val="00"/><w:family w:val="Swiss"/><w:pitch w:val="variable"/><w:sig w:usb-0="A0007AFF" w:usb-1="D00078FB" w:usb-2="00000028" w:usb-3="00000000" w:csb-0="000001FF" w:csb-1="00000000"/></w:font><w:font w:name="Gentium"><w:panose-1 w:val="02000503060000020004"/><w:charset w:val="00"/><w:family w:val="Auto"/><w:pitch w:val="variable"/><w:sig w:usb-0="E00000FF" w:usb-1="00000003" w:usb-2="00000000" w:usb-3="00000000" w:csb-0="0000001B" w:csb-1="00000000"/></w:font></w:fonts><w:lists><w:listDef w:listDefId="0"><w:lsid w:val="FFFFFF7C"/><w:plt w:val="SingleLevel"/><w:tmpl w:val="A63E48A6"/><w:lvl w:ilvl="0"><w:start w:val="1"/><w:lvlText w:val="%1."/><w:lvlJc w:val="left"/><w:pPr><w:tabs><w:tab w:val="list" w:pos="1800"/></w:tabs><w:ind w:left="1800" w:hanging="360"/></w:pPr></w:lvl></w:listDef><w:listDef w:listDefId="1"><w:lsid w:val="FFFFFF7D"/><w:plt w:val="SingleLevel"/><w:tmpl w:val="35E6218C"/><w:lvl w:ilvl="0"><w:start w:val="1"/><w:lvlText w:val="%1."/><w:lvlJc w:val="left"/><w:pPr><w:tabs><w:tab w:val="list" w:pos="1440"/></w:tabs><w:ind w:left="1440" w:hanging="360"/></w:pPr></w:lvl></w:listDef><w:listDef w:listDefId="2"><w:lsid w:val="FFFFFF7E"/><w:plt w:val="SingleLevel"/><w:tmpl w:val="416400C6"/><w:lvl w:ilvl="0"><w:start w:val="1"/><w:lvlText w:val="%1."/><w:lvlJc w:val="left"/><w:pPr><w:tabs><w:tab w:val="list" w:pos="1080"/></w:tabs><w:ind w:left="1080" w:hanging="360"/></w:pPr></w:lvl></w:listDef><w:listDef w:listDefId="3"><w:lsid w:val="FFFFFF7F"/><w:plt w:val="SingleLevel"/><w:tmpl w:val="31F85D8A"/><w:lvl w:ilvl="0"><w:start w:val="1"/><w:lvlText w:val="%1."/><w:lvlJc w:val="left"/><w:pPr><w:tabs><w:tab w:val="list" w:pos="720"/></w:tabs><w:ind w:left="720" w:hanging="360"/></w:pPr></w:lvl></w:listDef><w:listDef w:listDefId="4"><w:lsid w:val="FFFFFF80"/><w:plt w:val="SingleLevel"/><w:tmpl w:val="2B14F218"/><w:lvl w:ilvl="0"><w:start w:val="1"/><w:nfc w:val="23"/><w:lvlText w:val=""/><w:lvlJc w:val="left"/><w:pPr><w:tabs><w:tab w:val="list" w:pos="1800"/></w:tabs><w:ind w:left="1800" w:hanging="360"/></w:pPr><w:rPr><w:rFonts w:ascii="Symbol" w:h-ansi="Symbol" w:hint="default"/></w:rPr></w:lvl></w:listDef><w:listDef w:listDefId="5"><w:lsid w:val="FFFFFF81"/><w:plt w:val="SingleLevel"/><w:tmpl w:val="FF088D46"/><w:lvl w:ilvl="0"><w:start w:val="1"/><w:nfc w:val="23"/><w:lvlText w:val=""/><w:lvlJc w:val="left"/><w:pPr><w:tabs><w:tab w:val="list" w:pos="1440"/></w:tabs><w:ind w:left="1440" w:hanging="360"/></w:pPr><w:rPr><w:rFonts w:ascii="Symbol" w:h-ansi="Symbol" w:hint="default"/></w:rPr></w:lvl></w:listDef><w:listDef w:listDefId="6"><w:lsid w:val="FFFFFF82"/><w:plt w:val="SingleLevel"/><w:tmpl w:val="720809BC"/><w:lvl w:ilvl="0"><w:start w:val="1"/><w:nfc w:val="23"/><w:lvlText w:val=""/><w:lvlJc w:val="left"/><w:pPr><w:tabs><w:tab w:val="list" w:pos="1080"/></w:tabs><w:ind w:left="1080" w:hanging="360"/></w:pPr><w:rPr><w:rFonts w:ascii="Symbol" w:h-ansi="Symbol" w:hint="default"/></w:rPr></w:lvl></w:listDef><w:listDef w:listDefId="7"><w:lsid w:val="FFFFFF83"/><w:plt w:val="SingleLevel"/><w:tmpl w:val="185268D6"/><w:lvl w:ilvl="0"><w:start w:val="1"/><w:nfc w:val="23"/><w:lvlText w:val=""/><w:lvlJc w:val="left"/><w:pPr><w:tabs><w:tab w:val="list" w:pos="720"/></w:tabs><w:ind w:left="720" w:hanging="360"/></w:pPr><w:rPr><w:rFonts w:ascii="Symbol" w:h-ansi="Symbol" w:hint="default"/></w:rPr></w:lvl></w:listDef><w:listDef w:listDefId="8"><w:lsid w:val="FFFFFF88"/><w:plt w:val="SingleLevel"/><w:tmpl w:val="E23C9570"/><w:lvl w:ilvl="0"><w:start w:val="1"/><w:lvlText w:val="%1."/><w:lvlJc w:val="left"/><w:pPr><w:tabs><w:tab w:val="list" w:pos="360"/></w:tabs><w:ind w:left="360" w:hanging="360"/></w:pPr></w:lvl></w:listDef><w:listDef w:listDefId="9"><w:lsid w:val="FFFFFF89"/><w:plt w:val="SingleLevel"/><w:tmpl w:val="3D8E014C"/><w:lvl w:ilvl="0"><w:start w:val="1"/><w:nfc w:val="23"/><w:lvlText w:val=""/><w:lvlJc w:val="left"/><w:pPr><w:tabs><w:tab w:val="list" w:pos="360"/></w:tabs><w:ind w:left="360" w:hanging="360"/></w:pPr><w:rPr><w:rFonts w:ascii="Symbol" w:h-ansi="Symbol" w:hint="default"/></w:rPr></w:lvl></w:listDef><w:listDef w:listDefId="10"><w:lsid w:val="402330F7"/><w:plt w:val="Multilevel"/><w:tmpl w:val="0409001D"/><w:lvl w:ilvl="0"><w:start w:val="1"/><w:lvlText w:val="%1)"/><w:lvlJc w:val="left"/><w:pPr><w:tabs><w:tab w:val="list" w:pos="360"/></w:tabs><w:ind w:left="360" w:hanging="360"/></w:pPr></w:lvl><w:lvl w:ilvl="1"><w:start w:val="1"/><w:nfc w:val="4"/><w:lvlText w:val="%2)"/><w:lvlJc w:val="left"/><w:pPr><w:tabs><w:tab w:val="list" w:pos="720"/></w:tabs><w:ind w:left="720" w:hanging="360"/></w:pPr></w:lvl><w:lvl w:ilvl="2"><w:start w:val="1"/><w:nfc w:val="2"/><w:lvlText w:val="%3)"/><w:lvlJc w:val="left"/><w:pPr><w:tabs><w:tab w:val="list" w:pos="1080"/></w:tabs><w:ind w:left="1080" w:hanging="360"/></w:pPr></w:lvl><w:lvl w:ilvl="3"><w:start w:val="1"/><w:lvlText w:val="(%4)"/><w:lvlJc w:val="left"/><w:pPr><w:tabs><w:tab w:val="list" w:pos="1440"/></w:tabs><w:ind w:left="1440" w:hanging="360"/></w:pPr></w:lvl><w:lvl w:ilvl="4"><w:start w:val="1"/><w:nfc w:val="4"/><w:lvlText w:val="(%5)"/><w:lvlJc w:val="left"/><w:pPr><w:tabs><w:tab w:val="list" w:pos="1800"/></w:tabs><w:ind w:left="1800" w:hanging="360"/></w:pPr></w:lvl><w:lvl w:ilvl="5"><w:start w:val="1"/><w:nfc w:val="2"/><w:lvlText w:val="(%6)"/><w:lvlJc w:val="left"/><w:pPr><w:tabs><w:tab w:val="list" w:pos="2160"/></w:tabs><w:ind w:left="2160" w:hanging="360"/></w:pPr></w:lvl><w:lvl w:ilvl="6"><w:start w:val="1"/><w:lvlText w:val="%7."/><w:lvlJc w:val="left"/><w:pPr><w:tabs><w:tab w:val="list" w:pos="2520"/></w:tabs><w:ind w:left="2520" w:hanging="360"/></w:pPr></w:lvl><w:lvl w:ilvl="7"><w:start w:val="1"/><w:nfc w:val="4"/><w:lvlText w:val="%8."/><w:lvlJc w:val="left"/><w:pPr><w:tabs><w:tab w:val="list" w:pos="2880"/></w:tabs><w:ind w:left="2880" w:hanging="360"/></w:pPr></w:lvl><w:lvl w:ilvl="8"><w:start w:val="1"/><w:nfc w:val="2"/><w:lvlText w:val="%9."/><w:lvlJc w:val="left"/><w:pPr><w:tabs><w:tab w:val="list" w:pos="3240"/></w:tabs><w:ind w:left="3240" w:hanging="360"/></w:pPr></w:lvl></w:listDef><w:listDef w:listDefId="11"><w:lsid w:val="5CFD1CA2"/><w:plt w:val="Multilevel"/><w:tmpl w:val="CF56B596"/><w:lvl w:ilvl="0"><w:start w:val="1"/><w:pStyle w:val="IntroListItem1"/><w:lvlText w:val="%1)"/><w:lvlJc w:val="left"/><w:pPr><w:tabs><w:tab w:val="list" w:pos="700"/></w:tabs><w:ind w:left="700" w:hanging="360"/></w:pPr></w:lvl><w:lvl w:ilvl="1"><w:start w:val="1"/><w:nfc w:val="4"/><w:lvlText w:val="%2)"/><w:lvlJc w:val="left"/><w:pPr><w:tabs><w:tab w:val="list" w:pos="1060"/></w:tabs><w:ind w:left="1060" w:hanging="360"/></w:pPr></w:lvl><w:lvl w:ilvl="2"><w:start w:val="1"/><w:nfc w:val="2"/><w:lvlText w:val="%3)"/><w:lvlJc w:val="left"/><w:pPr><w:tabs><w:tab w:val="list" w:pos="1420"/></w:tabs><w:ind w:left="1420" w:hanging="360"/></w:pPr></w:lvl><w:lvl w:ilvl="3"><w:start w:val="1"/><w:lvlText w:val="(%4)"/><w:lvlJc w:val="left"/><w:pPr><w:tabs><w:tab w:val="list" w:pos="1780"/></w:tabs><w:ind w:left="1780" w:hanging="360"/></w:pPr></w:lvl><w:lvl w:ilvl="4"><w:start w:val="1"/><w:nfc w:val="4"/><w:lvlText w:val="(%5)"/><w:lvlJc w:val="left"/><w:pPr><w:tabs><w:tab w:val="list" w:pos="2140"/></w:tabs><w:ind w:left="2140" w:hanging="360"/></w:pPr></w:lvl><w:lvl w:ilvl="5"><w:start w:val="1"/><w:nfc w:val="2"/><w:lvlText w:val="(%6)"/><w:lvlJc w:val="left"/><w:pPr><w:tabs><w:tab w:val="list" w:pos="2500"/></w:tabs><w:ind w:left="2500" w:hanging="360"/></w:pPr></w:lvl><w:lvl w:ilvl="6"><w:start w:val="1"/><w:lvlText w:val="%7."/><w:lvlJc w:val="left"/><w:pPr><w:tabs><w:tab w:val="list" w:pos="2860"/></w:tabs><w:ind w:left="2860" w:hanging="360"/></w:pPr></w:lvl><w:lvl w:ilvl="7"><w:start w:val="1"/><w:nfc w:val="4"/><w:lvlText w:val="%8."/><w:lvlJc w:val="left"/><w:pPr><w:tabs><w:tab w:val="list" w:pos="3220"/></w:tabs><w:ind w:left="3220" w:hanging="360"/></w:pPr></w:lvl><w:lvl w:ilvl="8"><w:start w:val="1"/><w:nfc w:val="2"/><w:lvlText w:val="%9."/><w:lvlJc w:val="left"/><w:pPr><w:tabs><w:tab w:val="list" w:pos="3580"/></w:tabs><w:ind w:left="3580" w:hanging="360"/></w:pPr></w:lvl></w:listDef><w:list w:ilfo="1"><w:ilst w:val="11"/></w:list><w:list w:ilfo="2"><w:ilst w:val="10"/></w:list><w:list w:ilfo="3"><w:ilst w:val="9"/></w:list><w:list w:ilfo="4"><w:ilst w:val="7"/></w:list><w:list w:ilfo="5"><w:ilst w:val="6"/></w:list><w:list w:ilfo="6"><w:ilst w:val="5"/></w:list><w:list w:ilfo="7"><w:ilst w:val="4"/></w:list><w:list w:ilfo="8"><w:ilst w:val="8"/></w:list><w:list w:ilfo="9"><w:ilst w:val="3"/></w:list><w:list w:ilfo="10"><w:ilst w:val="2"/></w:list><w:list w:ilfo="11"><w:ilst w:val="1"/></w:list><w:list w:ilfo="12"><w:ilst w:val="0"/></w:list></w:lists><w:styles><w:versionOfBuiltInStylenames w:val="4"/><w:latentStyles w:defLockedState="off" w:latentStyleCount="156"/><w:style w:type="paragraph" w:default="on" w:styleId="Normal"><w:name w:val="Normal"/><w:rsid w:val="00840613"/><w:pPr><w:spacing w:line="240" w:line-rule="exact"/><w:ind w:first-line="289"/></w:pPr><w:rPr><w:rFonts w:ascii="Gentium" w:fareast="Arial Unicode MS" w:h-ansi="Gentium" w:cs="Arial Unicode MS"/><wx:font wx:val="Gentium"/><w:noProof/><w:sz w:val="22"/><w:sz-cs w:val="24"/><w:lang w:val="EN-US" w:fareast="EN-US" w:bidi="AR-SA"/></w:rPr></w:style><w:style w:type="paragraph" w:styleId="Heading1"><w:name w:val="heading 1"/><wx:uiName wx:val="Heading 1"/><w:basedOn w:val="Normal"/><w:next w:val="Normal"/><w:rsid w:val="00840613"/><w:pPr><w:pStyle w:val="Heading1"/><w:keepNext/><w:spacing w:before="240" w:after="60"/><w:outlineLvl w:val="0"/></w:pPr><w:rPr><w:rFonts w:cs="Arial"/><wx:font wx:val="Gentium"/><w:b/><w:b-cs/><w:kern w:val="32"/><w:sz w:val="32"/><w:sz-cs w:val="32"/></w:rPr></w:style><w:style w:type="paragraph" w:styleId="Heading2"><w:name w:val="heading 2"/><wx:uiName wx:val="Heading 2"/><w:basedOn w:val="Normal"/><w:next w:val="Normal"/><w:rsid w:val="00840613"/><w:pPr><w:pStyle w:val="Heading2"/><w:keepNext/><w:spacing w:before="240" w:after="60"/><w:outlineLvl w:val="1"/></w:pPr><w:rPr><w:rFonts w:cs="Arial"/><wx:font wx:val="Gentium"/><w:b/><w:b-cs/><w:i/><w:i-cs/><w:sz w:val="28"/><w:sz-cs w:val="28"/></w:rPr></w:style><w:style w:type="paragraph" w:styleId="Heading3"><w:name w:val="heading 3"/><wx:uiName wx:val="Heading 3"/><w:basedOn w:val="Normal"/><w:next w:val="Normal"/><w:rsid w:val="00840613"/><w:pPr><w:pStyle w:val="Heading3"/><w:keepNext/><w:spacing w:before="240" w:after="60"/><w:outlineLvl w:val="2"/></w:pPr><w:rPr><w:rFonts w:cs="Arial"/><wx:font wx:val="Gentium"/><w:b/><w:b-cs/><w:sz w:val="26"/><w:sz-cs w:val="26"/></w:rPr></w:style><w:style w:type="character" w:default="on" w:styleId="DefaultParagraphFont"><w:name w:val="Default Paragraph Font"/><w:semiHidden/></w:style><w:style w:type="table" w:default="on" w:styleId="TableNormal"><w:name w:val="Normal Table"/><wx:uiName wx:val="Table Normal"/><w:semiHidden/><w:rPr><wx:font wx:val="Times New Roman"/></w:rPr><w:tblPr><w:tblInd w:w="0" w:type="dxa"/><w:tblCellMar><w:top w:w="0" w:type="dxa"/><w:left w:w="108" w:type="dxa"/><w:bottom w:w="0" w:type="dxa"/><w:right w:w="108" w:type="dxa"/></w:tblCellMar></w:tblPr></w:style><w:style w:type="list" w:default="on" w:styleId="NoList"><w:name w:val="No List"/><w:semiHidden/></w:style><w:style w:type="paragraph" w:styleId="TitleMain1"><w:name w:val="Title Main 1"/><w:basedOn w:val="TitleBase"/><w:next w:val="Normal"/><w:rsid w:val="00840613"/><w:pPr><w:pStyle w:val="TitleMain1"/><w:keepNext/><w:keepLines/><w:outlineLvl w:val="0"/></w:pPr><w:rPr><wx:font wx:val="EBT Basic"/><w:sz w:val="36"/></w:rPr></w:style><w:style w:type="paragraph" w:styleId="IntroTitle1"><w:name w:val="Intro Title 1"/><w:basedOn w:val="TitleBase"/><w:next w:val="IntroParagraph"/><w:rsid w:val="00840613"/><w:pPr><w:pStyle w:val="IntroTitle1"/><w:keepNext/><w:keepLines/><w:spacing w:before="240" w:after="120"/><w:ind w:left="562" w:right="562"/><w:outlineLvl w:val="1"/></w:pPr><w:rPr><wx:font wx:val="EBT Basic"/></w:rPr></w:style><w:style w:type="paragraph" w:styleId="Introductionnormal"><w:name w:val="Introduction normal"/><w:basedOn w:val="Normal"/><w:rsid w:val="00840613"/><w:pPr><w:pStyle w:val="Introductionnormal"/></w:pPr><w:rPr><w:rFonts w:ascii="Arial Unicode MS" w:h-ansi="Arial Unicode MS"/><wx:font wx:val="Arial Unicode MS"/><w:sz w:val="16"/></w:rPr></w:style><w:style w:type="paragraph" w:styleId="TitleMain2"><w:name w:val="Title Main 2"/><w:basedOn w:val="TitleMain1"/><w:rsid w:val="00840613"/><w:pPr><w:pStyle w:val="TitleMain2"/></w:pPr><w:rPr><wx:font wx:val="EBT Basic"/><w:sz w:val="24"/></w:rPr></w:style><w:style w:type="paragraph" w:styleId="TitleMain3"><w:name w:val="Title Main 3"/><w:basedOn w:val="TitleMain2"/><w:rsid w:val="00840613"/><w:pPr><w:pStyle w:val="TitleMain3"/></w:pPr><w:rPr><wx:font wx:val="EBT Basic"/><w:sz w:val="20"/></w:rPr></w:style><w:style w:type="paragraph" w:styleId="IntroTitle2"><w:name w:val="Intro Title 2"/><w:basedOn w:val="IntroTitle1"/><w:rsid w:val="00840613"/><w:pPr><w:pStyle w:val="IntroTitle2"/><w:outlineLvl w:val="2"/></w:pPr><w:rPr><wx:font wx:val="EBT Basic"/><w:sz w:val="16"/></w:rPr></w:style><w:style w:type="paragraph" w:styleId="IntroTitle3"><w:name w:val="Intro Title 3"/><w:basedOn w:val="IntroTitle2"/><w:rsid w:val="00840613"/><w:pPr><w:pStyle w:val="IntroTitle3"/><w:outlineLvl w:val="3"/></w:pPr><w:rPr><wx:font wx:val="EBT Basic"/></w:rPr></w:style><w:style w:type="paragraph" w:styleId="IntroParagraphContinuation"><w:name w:val="Intro Paragraph Continuation"/><w:basedOn w:val="Introductionnormal"/><w:rsid w:val="00840613"/><w:pPr><w:pStyle w:val="IntroParagraphContinuation"/><w:ind w:first-line="0"/></w:pPr><w:rPr><wx:font wx:val="Arial Unicode MS"/></w:rPr></w:style><w:style w:type="paragraph" w:styleId="Introductionblockquote"><w:name w:val="Introduction block quote"/><w:basedOn w:val="IntroParagraphContinuation"/><w:rsid w:val="00840613"/><w:pPr><w:pStyle w:val="Introductionblockquote"/><w:ind w:left="567" w:right="567"/><w:jc w:val="center"/></w:pPr><w:rPr><wx:font wx:val="Arial Unicode MS"/></w:rPr></w:style><w:style w:type="paragraph" w:styleId="Introductionquote"><w:name w:val="Introduction quote"/><w:basedOn w:val="Introductionblockquote"/><w:rsid w:val="00840613"/><w:pPr><w:pStyle w:val="Introductionquote"/></w:pPr><w:rPr><w:rFonts w:ascii="Doulos SIL" w:h-ansi="Doulos SIL"/><wx:font wx:val="Doulos SIL"/></w:rPr></w:style><w:style w:type="paragraph" w:styleId="IntroSectionHead2"><w:name w:val="Intro Section Head 2"/><w:basedOn w:val="IntroSectionHead1"/><w:rsid w:val="00840613"/><w:pPr><w:pStyle w:val="IntroSectionHead2"/></w:pPr><w:rPr><wx:font wx:val="EBT Basic"/><w:b w:val="off"/></w:rPr></w:style><w:style w:type="paragraph" w:styleId="StanzaBreak"><w:name w:val="Stanza Break"/><w:basedOn w:val="Introductionnormal"/><w:rsid w:val="00840613"/><w:pPr><w:pStyle w:val="StanzaBreak"/></w:pPr><w:rPr><wx:font wx:val="Arial Unicode MS"/></w:rPr></w:style><w:style w:type="paragraph" w:styleId="Introductionexplanatorytext"><w:name w:val="Introduction explanatory text"/><w:basedOn w:val="Introductionnormal"/><w:rsid w:val="00840613"/><w:pPr><w:pStyle w:val="Introductionexplanatorytext"/></w:pPr><w:rPr><wx:font wx:val="Arial Unicode MS"/></w:rPr></w:style><w:style w:type="paragraph" w:styleId="Introductionpoetry1"><w:name w:val="Introduction poetry 1"/><w:basedOn w:val="IntroParagraphContinuation"/><w:rsid w:val="00840613"/><w:pPr><w:pStyle w:val="Introductionpoetry1"/><w:ind w:left="680" w:hanging="680"/></w:pPr><w:rPr><wx:font wx:val="Arial Unicode MS"/></w:rPr></w:style><w:style w:type="paragraph" w:styleId="Introductionpoetry2"><w:name w:val="Introduction poetry 2"/><w:basedOn w:val="Introductionpoetry1"/><w:rsid w:val="00840613"/><w:pPr><w:pStyle w:val="Introductionpoetry2"/><w:ind w:left="1020"/></w:pPr><w:rPr><wx:font wx:val="Arial Unicode MS"/></w:rPr></w:style><w:style w:type="paragraph" w:styleId="Introductionpoetry3"><w:name w:val="Introduction poetry 3"/><w:basedOn w:val="Introductionpoetry2"/><w:rsid w:val="00840613"/><w:pPr><w:pStyle w:val="Introductionpoetry3"/><w:ind w:left="680" w:first-line="0"/></w:pPr><w:rPr><wx:font wx:val="Arial Unicode MS"/></w:rPr></w:style><w:style w:type="paragraph" w:styleId="IntroSectionHead1"><w:name w:val="Intro Section Head 1"/><w:basedOn w:val="IntroTitle2"/><w:rsid w:val="00840613"/><w:pPr><w:pStyle w:val="IntroSectionHead1"/></w:pPr><w:rPr><wx:font wx:val="EBT Basic"/><w:lang w:val="EN-AU"/></w:rPr></w:style><w:style w:type="paragraph" w:styleId="IntroListItem1"><w:name w:val="Intro List Item 1"/><w:basedOn w:val="Introductionnormal"/><w:rsid w:val="00840613"/><w:pPr><w:pStyle w:val="IntroListItem1"/><w:listPr><w:ilfo w:val="1"/></w:listPr><w:ind w:left="706"/><w:outlineLvl w:val="0"/></w:pPr><w:rPr><wx:font wx:val="Arial Unicode MS"/><w:lang w:val="EN-AU"/></w:rPr></w:style><w:style w:type="paragraph" w:styleId="IntroListItem2"><w:name w:val="Intro List Item 2"/><w:basedOn w:val="IntroListItem1"/><w:rsid w:val="00840613"/><w:pPr><w:pStyle w:val="IntroListItem2"/><w:outlineLvl w:val="1"/></w:pPr><w:rPr><wx:font wx:val="Arial Unicode MS"/></w:rPr></w:style><w:style w:type="paragraph" w:styleId="IntroListItem3"><w:name w:val="Intro List Item 3"/><w:basedOn w:val="IntroListItem1"/><w:rsid w:val="00840613"/><w:pPr><w:pStyle w:val="IntroListItem3"/><w:outlineLvl w:val="2"/></w:pPr><w:rPr><wx:font wx:val="Arial Unicode MS"/></w:rPr></w:style><w:style w:type="paragraph" w:styleId="IntroListItem4"><w:name w:val="Intro List Item 4"/><w:basedOn w:val="IntroListItem1"/><w:rsid w:val="00840613"/><w:pPr><w:pStyle w:val="IntroListItem4"/><w:outlineLvl w:val="3"/></w:pPr><w:rPr><wx:font wx:val="Arial Unicode MS"/></w:rPr></w:style><w:style w:type="paragraph" w:styleId="IntroListItem5"><w:name w:val="Intro List Item 5"/><w:basedOn w:val="IntroListItem1"/><w:rsid w:val="00840613"/><w:pPr><w:pStyle w:val="IntroListItem5"/><w:outlineLvl w:val="4"/></w:pPr><w:rPr><wx:font wx:val="Arial Unicode MS"/></w:rPr></w:style><w:style w:type="character" w:styleId="CanonicalReference"><w:name w:val="Canonical Reference"/><w:basedOn w:val="DefaultParagraphFont"/><w:rsid w:val="00840613"/><w:rPr><w:i/></w:rPr></w:style><w:style w:type="paragraph" w:styleId="Introductionend"><w:name w:val="Introduction end"/><w:basedOn w:val="Introductionnormal"/><w:rsid w:val="00840613"/><w:pPr><w:pStyle w:val="Introductionend"/><w:pageBreakBefore/><w:widowControl w:val="off"/></w:pPr><w:rPr><wx:font wx:val="Arial Unicode MS"/></w:rPr></w:style><w:style w:type="paragraph" w:styleId="SectionHeadMajor1"><w:name w:val="Section Head Major 1"/><w:basedOn w:val="TitleBase"/><w:link w:val="SectionHeadMajor1CharChar"/><w:rsid w:val="00840613"/><w:pPr><w:pStyle w:val="SectionHeadMajor1"/><w:keepNext/><w:keepLines/><w:outlineLvl w:val="0"/></w:pPr><w:rPr><wx:font wx:val="EBT Basic"/><w:b w:val="off"/></w:rPr></w:style><w:style w:type="paragraph" w:styleId="SectionHeadMajor2"><w:name w:val="Section Head Major 2"/><w:basedOn w:val="SectionHeadMajor1"/><w:rsid w:val="00840613"/><w:pPr><w:pStyle w:val="SectionHeadMajor2"/><w:spacing w:before="120"/><w:outlineLvl w:val="1"/></w:pPr><w:rPr><wx:font wx:val="EBT Basic"/><w:sz w:val="20"/></w:rPr></w:style><w:style w:type="paragraph" w:styleId="SectionHeadMajor3"><w:name w:val="Section Head Major 3"/><w:basedOn w:val="SectionHeadMajor2"/><w:rsid w:val="00840613"/><w:pPr><w:pStyle w:val="SectionHeadMajor3"/><w:outlineLvl w:val="2"/></w:pPr><w:rPr><wx:font wx:val="EBT Basic"/><w:b/><w:sz w:val="16"/></w:rPr></w:style><w:style w:type="paragraph" w:styleId="SectionRange"><w:name w:val="Section Range"/><w:basedOn w:val="SectionHeadMajor3"/><w:rsid w:val="00840613"/><w:pPr><w:pStyle w:val="SectionRange"/></w:pPr><w:rPr><wx:font wx:val="EBT Basic"/><w:i/></w:rPr></w:style><w:style w:type="paragraph" w:styleId="SectionHead1"><w:name w:val="Section Head 1"/><w:basedOn w:val="SectionHeadMajor1"/><w:link w:val="SectionHead1CharChar"/><w:rsid w:val="00840613"/><w:pPr><w:pStyle w:val="SectionHead1"/></w:pPr><w:rPr><wx:font wx:val="EBT Basic"/><w:b/><w:sz w:val="20"/></w:rPr></w:style><w:style w:type="paragraph" w:styleId="SectionHead2"><w:name w:val="Section Head 2"/><w:basedOn w:val="SectionHeadMajor2"/><w:rsid w:val="00840613"/><w:pPr><w:pStyle w:val="SectionHead2"/></w:pPr><w:rPr><wx:font wx:val="EBT Basic"/></w:rPr></w:style><w:style w:type="paragraph" w:styleId="SectionHead3"><w:name w:val="Section Head 3"/><w:basedOn w:val="SectionHeadMajor3"/><w:rsid w:val="00840613"/><w:pPr><w:pStyle w:val="SectionHead3"/></w:pPr><w:rPr><wx:font wx:val="EBT Basic"/></w:rPr></w:style><w:style w:type="paragraph" w:styleId="ParallelPassageReference"><w:name w:val="Parallel Passage Reference"/><w:basedOn w:val="TitleBase"/><w:rsid w:val="00840613"/><w:pPr><w:pStyle w:val="ParallelPassageReference"/><w:keepNext/></w:pPr><w:rPr><wx:font wx:val="EBT Basic"/><w:b w:val="off"/></w:rPr></w:style><w:style w:type="paragraph" w:styleId="HebrewTitle"><w:name w:val="Hebrew Title"/><w:basedOn w:val="Normal"/><w:rsid w:val="00840613"/><w:pPr><w:pStyle w:val="HebrewTitle"/><w:keepNext/><w:ind w:first-line="0"/></w:pPr><w:rPr><wx:font wx:val="Gentium"/></w:rPr></w:style><w:style w:type="paragraph" w:styleId="SpeechSpeaker"><w:name w:val="Speech Speaker"/><w:basedOn w:val="Normal"/><w:rsid w:val="00840613"/><w:pPr><w:pStyle w:val="SpeechSpeaker"/><w:spacing w:before="120" w:after="120"/><w:ind w:first-line="0"/></w:pPr><w:rPr><wx:font wx:val="Gentium"/><w:i/></w:rPr></w:style><w:style w:type="paragraph" w:styleId="Chapterdescription"><w:name w:val="Chapter description"/><w:basedOn w:val="Introductionnormal"/><w:rsid w:val="00840613"/><w:pPr><w:pStyle w:val="Chapterdescription"/></w:pPr><w:rPr><wx:font wx:val="Arial Unicode MS"/></w:rPr></w:style><w:style w:type="paragraph" w:styleId="LetterParagraph1"><w:name w:val="Letter Paragraph 1"/><w:basedOn w:val="Normal"/><w:rsid w:val="00840613"/><w:pPr><w:pStyle w:val="LetterParagraph1"/><w:ind w:left="288" w:right="288"/></w:pPr><w:rPr><wx:font wx:val="Gentium"/></w:rPr></w:style><w:style w:type="paragraph" w:styleId="HangingIndent1"><w:name w:val="Hanging Indent 1"/><w:basedOn w:val="LetterParagraph1"/><w:rsid w:val="00840613"/><w:pPr><w:pStyle w:val="HangingIndent1"/><w:ind w:right="0" w:hanging="288"/></w:pPr><w:rPr><wx:font wx:val="Gentium"/></w:rPr></w:style><w:style w:type="paragraph" w:styleId="Indentedhangingindent"><w:name w:val="Indented hanging indent"/><w:basedOn w:val="HangingIndent1"/><w:rsid w:val="00840613"/><w:pPr><w:pStyle w:val="Indentedhangingindent"/><w:ind w:left="576" w:right="288"/></w:pPr><w:rPr><wx:font wx:val="Gentium"/></w:rPr></w:style><w:style w:type="paragraph" w:styleId="InscriptionParagraph"><w:name w:val="Inscription Paragraph"/><w:basedOn w:val="Normal"/><w:rsid w:val="00840613"/><w:pPr><w:pStyle w:val="InscriptionParagraph"/><w:ind w:first-line="0"/><w:jc w:val="center"/></w:pPr><w:rPr><wx:font wx:val="Gentium"/></w:rPr></w:style><w:style w:type="paragraph" w:styleId="ParagraphContinuation"><w:name w:val="Paragraph Continuation"/><w:basedOn w:val="Normal"/><w:rsid w:val="00840613"/><w:pPr><w:pStyle w:val="ParagraphContinuation"/><w:ind w:first-line="0"/></w:pPr><w:rPr><wx:font wx:val="Gentium"/></w:rPr></w:style><w:style w:type="paragraph" w:styleId="LetterGreeting"><w:name w:val="Letter Greeting"/><w:basedOn w:val="LetterParagraph1"/><w:rsid w:val="00840613"/><w:pPr><w:pStyle w:val="LetterGreeting"/><w:ind w:first-line="0"/></w:pPr><w:rPr><wx:font wx:val="Gentium"/></w:rPr></w:style><w:style w:type="paragraph" w:styleId="ListItem1"><w:name w:val="List Item 1"/><w:basedOn w:val="ParagraphContinuation"/><w:rsid w:val="00840613"/><w:pPr><w:pStyle w:val="ListItem1"/></w:pPr><w:rPr><wx:font wx:val="Gentium"/></w:rPr></w:style><w:style w:type="paragraph" w:styleId="ListItem2"><w:name w:val="List Item 2"/><w:basedOn w:val="ListItem1"/><w:rsid w:val="00840613"/><w:pPr><w:pStyle w:val="ListItem2"/><w:ind w:left="144"/></w:pPr><w:rPr><wx:font wx:val="Gentium"/></w:rPr></w:style><w:style w:type="paragraph" w:styleId="ListItem3"><w:name w:val="List Item 3"/><w:basedOn w:val="ListItem2"/><w:rsid w:val="00840613"/><w:pPr><w:pStyle w:val="ListItem3"/><w:ind w:left="288"/></w:pPr><w:rPr><wx:font wx:val="Gentium"/></w:rPr></w:style><w:style w:type="paragraph" w:styleId="Poetryline1"><w:name w:val="Poetry line 1"/><w:basedOn w:val="Normal"/><w:rsid w:val="00840613"/><w:pPr><w:pStyle w:val="Poetryline1"/><w:ind w:left="720" w:hanging="720"/></w:pPr><w:rPr><wx:font wx:val="Gentium"/></w:rPr></w:style><w:style w:type="paragraph" w:styleId="Poetryline2"><w:name w:val="Poetry line 2"/><w:basedOn w:val="Poetryline1"/><w:rsid w:val="00840613"/><w:pPr><w:pStyle w:val="Poetryline2"/><w:ind w:hanging="432"/></w:pPr><w:rPr><wx:font wx:val="Gentium"/></w:rPr></w:style><w:style w:type="paragraph" w:styleId="Poetryline3"><w:name w:val="Poetry line 3"/><w:basedOn w:val="Poetryline2"/><w:rsid w:val="00840613"/><w:pPr><w:pStyle w:val="Poetryline3"/><w:ind w:hanging="144"/></w:pPr><w:rPr><wx:font wx:val="Gentium"/></w:rPr></w:style><w:style w:type="paragraph" w:styleId="Refrain"><w:name w:val="Refrain"/><w:basedOn w:val="Poetryline1"/><w:rsid w:val="00840613"/><w:pPr><w:pStyle w:val="Refrain"/><w:ind w:first-line="0"/><w:jc w:val="right"/></w:pPr><w:rPr><wx:font wx:val="Gentium"/></w:rPr></w:style><w:style w:type="paragraph" w:styleId="Doxology"><w:name w:val="Doxology"/><w:basedOn w:val="Poetryline1"/><w:rsid w:val="00840613"/><w:pPr><w:pStyle w:val="Doxology"/><w:ind w:left="288" w:right="288" w:first-line="0"/><w:jc w:val="center"/></w:pPr><w:rPr><wx:font wx:val="Gentium"/></w:rPr></w:style><w:style w:type="character" w:styleId="Interlude"><w:name w:val="Interlude"/><w:rsid w:val="00840613"/></w:style><w:style w:type="paragraph" w:styleId="Acrosticheading"><w:name w:val="Acrostic heading"/><w:basedOn w:val="Doxology"/><w:rsid w:val="00840613"/><w:pPr><w:pStyle w:val="Acrosticheading"/><w:keepNext/><w:spacing w:before="120"/></w:pPr><w:rPr><w:rFonts w:ascii="Arial Unicode MS" w:h-ansi="Arial Unicode MS"/><wx:font wx:val="Arial Unicode MS"/><w:b/><w:b-cs/></w:rPr></w:style><w:style w:type="character" w:styleId="Acrosticletter"><w:name w:val="Acrostic letter"/><w:rsid w:val="00840613"/><w:rPr><w:rFonts w:ascii="Arial Unicode MS" w:fareast="Arial Unicode MS" w:h-ansi="Arial Unicode MS" w:cs="Arial Unicode MS"/><w:b/><w:b-cs/></w:rPr></w:style><w:style w:type="paragraph" w:styleId="Blankline"><w:name w:val="Blank line"/><w:basedOn w:val="ParagraphContinuation"/><w:rsid w:val="00840613"/><w:pPr><w:pStyle w:val="Blankline"/></w:pPr><w:rPr><wx:font wx:val="Gentium"/><w:sz w:val="10"/></w:rPr></w:style><w:style w:type="character" w:styleId="TableCellHead"><w:name w:val="Table Cell Head"/><w:rsid w:val="00840613"/><w:rPr><w:b/><w:lang w:val="EN-AU"/></w:rPr></w:style><w:style w:type="character" w:styleId="Footnote"><w:name w:val="Footnote"/><w:rsid w:val="00840613"/><w:rPr><w:rFonts w:ascii="EBT Basic" w:h-ansi="EBT Basic"/><w:sz w:val="18"/></w:rPr></w:style><w:style w:type="character" w:styleId="NoteTargetReference"><w:name w:val="Note Target Reference"/><w:basedOn w:val="Footnote"/><w:rsid w:val="00840613"/><w:rPr><w:rFonts w:ascii="Gentium" w:h-ansi="Gentium"/><w:i/><w:sz w:val="16"/></w:rPr></w:style><w:style w:type="character" w:styleId="AlternateReading"><w:name w:val="Alternate Reading"/><w:basedOn w:val="Footnote"/><w:rsid w:val="00840613"/><w:rPr><w:rFonts w:ascii="Gentium" w:h-ansi="Gentium"/><w:sz w:val="16"/></w:rPr></w:style><w:style w:type="character" w:styleId="VerseNumberInNote"><w:name w:val="Verse Number In Note"/><w:basedOn w:val="Footnote"/><w:rsid w:val="00840613"/><w:rPr><w:rFonts w:ascii="Arial Unicode MS" w:h-ansi="Arial Unicode MS"/><w:b/><w:sz w:val="16"/><w:vertAlign w:val="superscript"/></w:rPr></w:style><w:style w:type="character" w:styleId="FootnoteDeuterocanon"><w:name w:val="Footnote Deuterocanon"/><w:basedOn w:val="Footnote"/><w:rsid w:val="00840613"/><w:rPr><w:rFonts w:ascii="Arial Unicode MS" w:h-ansi="Arial Unicode MS"/><w:sz w:val="12"/></w:rPr></w:style><w:style w:type="character" w:styleId="Footnotemarker"><w:name w:val="Footnote marker"/><w:basedOn w:val="DefaultParagraphFont"/><w:rsid w:val="00840613"/><w:rPr><w:b/><w:vertAlign w:val="superscript"/></w:rPr></w:style><w:style w:type="character" w:styleId="Crossreferenceorigin"><w:name w:val="Crossreference origin"/><w:basedOn w:val="Footnote"/><w:rsid w:val="00840613"/><w:rPr><w:rFonts w:ascii="Arial Unicode MS" w:h-ansi="Arial Unicode MS"/><w:sz w:val="12"/></w:rPr></w:style><w:style w:type="character" w:styleId="Crossreferencekeywords"><w:name w:val="Crossreference keywords"/><w:basedOn w:val="Crossreferenceorigin"/><w:rsid w:val="00840613"/><w:rPr><w:rFonts w:ascii="Arial Unicode MS" w:h-ansi="Arial Unicode MS"/><w:b/><w:sz w:val="12"/></w:rPr></w:style><w:style w:type="character" w:styleId="CrossreferenceScripturequote"><w:name w:val="Crossreference Scripture quote"/><w:basedOn w:val="Crossreferenceorigin"/><w:rsid w:val="00840613"/><w:rPr><w:rFonts w:ascii="Gentium" w:h-ansi="Gentium"/><w:i/><w:sz w:val="12"/></w:rPr></w:style><w:style w:type="character" w:styleId="CrossreferenceDeuterocanon"><w:name w:val="Crossreference Deuterocanon"/><w:basedOn w:val="Crossreferenceorigin"/><w:rsid w:val="00840613"/><w:rPr><w:rFonts w:ascii="Arial Unicode MS" w:h-ansi="Arial Unicode MS"/><w:sz w:val="12"/></w:rPr></w:style><w:style w:type="character" w:styleId="Studynote"><w:name w:val="Study note"/><w:basedOn w:val="Footnote"/><w:rsid w:val="00840613"/><w:rPr><w:rFonts w:ascii="Arial Unicode MS" w:h-ansi="Arial Unicode MS"/><w:sz w:val="12"/></w:rPr></w:style><w:style w:type="character" w:styleId="Studynotereference"><w:name w:val="Study note reference"/><w:basedOn w:val="NoteTargetReference"/><w:rsid w:val="00840613"/><w:rPr><w:rFonts w:ascii="Arial Unicode MS" w:h-ansi="Arial Unicode MS"/><w:i/><w:sz w:val="12"/></w:rPr></w:style><w:style w:type="character" w:styleId="ReferencedText"><w:name w:val="Referenced Text"/><w:basedOn w:val="Footnote"/><w:rsid w:val="00840613"/><w:rPr><w:rFonts w:ascii="Gentium" w:h-ansi="Gentium"/><w:b/><w:sz w:val="16"/></w:rPr></w:style><w:style w:type="character" w:styleId="Studynotekeywords"><w:name w:val="Study note keywords"/><w:basedOn w:val="ReferencedText"/><w:rsid w:val="00840613"/><w:rPr><w:rFonts w:ascii="Arial Unicode MS" w:h-ansi="Arial Unicode MS"/><w:b/><w:sz w:val="12"/></w:rPr></w:style><w:style w:type="character" w:styleId="Studynoteversenumber"><w:name w:val="Study note verse number"/><w:basedOn w:val="VerseNumberInNote"/><w:rsid w:val="00840613"/><w:rPr><w:rFonts w:ascii="Arial Unicode MS" w:h-ansi="Arial Unicode MS"/><w:b/><w:sz w:val="12"/><w:vertAlign w:val="superscript"/></w:rPr></w:style><w:style w:type="character" w:styleId="StudynoteDeuterocanon"><w:name w:val="Study note Deuterocanon"/><w:basedOn w:val="Studynote"/><w:rsid w:val="00840613"/><w:rPr><w:rFonts w:ascii="Arial Unicode MS" w:h-ansi="Arial Unicode MS"/><w:sz w:val="12"/></w:rPr></w:style><w:style w:type="character" w:styleId="SectionHeadMajor1CharChar"><w:name w:val="Section Head Major 1 Char Char"/><w:basedOn w:val="DefaultParagraphFont"/><w:link w:val="SectionHeadMajor1"/><w:rsid w:val="00840613"/><w:rPr><w:rFonts w:ascii="EBT Basic" w:fareast="Arial Unicode MS" w:h-ansi="EBT Basic" w:cs="Arial Unicode MS"/><w:noProof/><w:sz w:val="18"/><w:sz-cs w:val="24"/><w:lang w:val="EN-US" w:fareast="EN-US" w:bidi="AR-SA"/></w:rPr></w:style><w:style w:type="character" w:styleId="SectionHead1CharChar"><w:name w:val="Section Head 1 Char Char"/><w:basedOn w:val="SectionHeadMajor1CharChar"/><w:link w:val="SectionHead1"/><w:rsid w:val="00840613"/><w:rPr><w:rFonts w:ascii="EBT Basic" w:fareast="Arial Unicode MS" w:h-ansi="EBT Basic" w:cs="Arial Unicode MS"/><w:b/><w:noProof/><w:sz w:val="18"/><w:sz-cs w:val="24"/><w:lang w:val="EN-US" w:fareast="EN-US" w:bidi="AR-SA"/></w:rPr></w:style><w:style w:type="paragraph" w:styleId="Sidebartitle1"><w:name w:val="Sidebar title 1"/><w:basedOn w:val="SectionHeadMajor1"/><w:rsid w:val="00840613"/><w:pPr><w:pStyle w:val="Sidebartitle1"/></w:pPr><w:rPr><wx:font wx:val="EBT Basic"/><w:sz w:val="20"/></w:rPr></w:style><w:style w:type="paragraph" w:styleId="Sidebartitle2"><w:name w:val="Sidebar title 2"/><w:basedOn w:val="SectionHeadMajor2"/><w:rsid w:val="00840613"/><w:pPr><w:pStyle w:val="Sidebartitle2"/></w:pPr><w:rPr><wx:font wx:val="EBT Basic"/></w:rPr></w:style><w:style w:type="paragraph" w:styleId="Sidebartitle3"><w:name w:val="Sidebar title 3"/><w:basedOn w:val="SectionHeadMajor3"/><w:rsid w:val="00840613"/><w:pPr><w:pStyle w:val="Sidebartitle3"/></w:pPr><w:rPr><wx:font wx:val="EBT Basic"/></w:rPr></w:style><w:style w:type="paragraph" w:styleId="Sidebarparagraph"><w:name w:val="Sidebar paragraph"/><w:basedOn w:val="Introductionnormal"/><w:rsid w:val="00840613"/><w:pPr><w:pStyle w:val="Sidebarparagraph"/></w:pPr><w:rPr><wx:font wx:val="Arial Unicode MS"/></w:rPr></w:style><w:style w:type="paragraph" w:styleId="Sidebarpoetry1"><w:name w:val="Sidebar poetry 1"/><w:basedOn w:val="Poetryline1"/><w:rsid w:val="00840613"/><w:pPr><w:pStyle w:val="Sidebarpoetry1"/></w:pPr><w:rPr><w:rFonts w:ascii="Arial Unicode MS" w:h-ansi="Arial Unicode MS"/><wx:font wx:val="Arial Unicode MS"/></w:rPr></w:style><w:style w:type="paragraph" w:styleId="Sidebarpoetry2"><w:name w:val="Sidebar poetry 2"/><w:basedOn w:val="Poetryline2"/><w:rsid w:val="00840613"/><w:pPr><w:pStyle w:val="Sidebarpoetry2"/></w:pPr><w:rPr><w:rFonts w:ascii="Arial Unicode MS" w:h-ansi="Arial Unicode MS"/><wx:font wx:val="Arial Unicode MS"/></w:rPr></w:style><w:style w:type="paragraph" w:styleId="Sidebarpoetry3"><w:name w:val="Sidebar poetry 3"/><w:basedOn w:val="Poetryline3"/><w:rsid w:val="00840613"/><w:pPr><w:pStyle w:val="Sidebarpoetry3"/></w:pPr><w:rPr><w:rFonts w:ascii="Arial Unicode MS" w:h-ansi="Arial Unicode MS"/><wx:font wx:val="Arial Unicode MS"/></w:rPr></w:style><w:style w:type="paragraph" w:styleId="Sidebarleft"><w:name w:val="Sidebar left"/><w:basedOn w:val="IntroParagraphContinuation"/><w:rsid w:val="00840613"/><w:pPr><w:pStyle w:val="Sidebarleft"/></w:pPr><w:rPr><wx:font wx:val="Arial Unicode MS"/></w:rPr></w:style><w:style w:type="paragraph" w:styleId="BridgeTitle1"><w:name w:val="Bridge Title 1"/><w:basedOn w:val="IntroTitle1"/><w:rsid w:val="00840613"/><w:pPr><w:pStyle w:val="BridgeTitle1"/></w:pPr><w:rPr><wx:font wx:val="EBT Basic"/></w:rPr></w:style><w:style w:type="paragraph" w:styleId="BridgeTitle2"><w:name w:val="Bridge Title 2"/><w:basedOn w:val="IntroTitle2"/><w:rsid w:val="00840613"/><w:pPr><w:pStyle w:val="BridgeTitle2"/></w:pPr><w:rPr><wx:font wx:val="EBT Basic"/></w:rPr></w:style><w:style w:type="paragraph" w:styleId="BridgeTitle3"><w:name w:val="Bridge Title 3"/><w:basedOn w:val="IntroTitle3"/><w:rsid w:val="00840613"/><w:pPr><w:pStyle w:val="BridgeTitle3"/></w:pPr><w:rPr><wx:font wx:val="EBT Basic"/></w:rPr></w:style><w:style w:type="paragraph" w:styleId="Bridgeparagraph"><w:name w:val="Bridge paragraph"/><w:basedOn w:val="Introductionnormal"/><w:rsid w:val="00840613"/><w:pPr><w:pStyle w:val="Bridgeparagraph"/></w:pPr><w:rPr><wx:font wx:val="Arial Unicode MS"/></w:rPr></w:style><w:style w:type="paragraph" w:styleId="Bridgepoetry1"><w:name w:val="Bridge poetry 1"/><w:basedOn w:val="Introductionpoetry1"/><w:rsid w:val="00840613"/><w:pPr><w:pStyle w:val="Bridgepoetry1"/></w:pPr><w:rPr><wx:font wx:val="Arial Unicode MS"/></w:rPr></w:style><w:style w:type="paragraph" w:styleId="Bridgepoetry2"><w:name w:val="Bridge poetry 2"/><w:basedOn w:val="Introductionpoetry2"/><w:rsid w:val="00840613"/><w:pPr><w:pStyle w:val="Bridgepoetry2"/></w:pPr><w:rPr><wx:font wx:val="Arial Unicode MS"/></w:rPr></w:style><w:style w:type="paragraph" w:styleId="Bridgepoetry3"><w:name w:val="Bridge poetry 3"/><w:basedOn w:val="Introductionpoetry3"/><w:rsid w:val="00840613"/><w:pPr><w:pStyle w:val="Bridgepoetry3"/></w:pPr><w:rPr><wx:font wx:val="Arial Unicode MS"/></w:rPr></w:style><w:style w:type="paragraph" w:styleId="Bridgeleft"><w:name w:val="Bridge left"/><w:basedOn w:val="IntroParagraphContinuation"/><w:rsid w:val="00840613"/><w:pPr><w:pStyle w:val="Bridgeleft"/></w:pPr><w:rPr><wx:font wx:val="Arial Unicode MS"/></w:rPr></w:style><w:style w:type="character" w:styleId="QuotedText"><w:name w:val="Quoted Text"/><w:rsid w:val="00840613"/><w:rPr><w:b/></w:rPr></w:style><w:style w:type="character" w:styleId="NameofGod"><w:name w:val="Name of God"/><w:basedOn w:val="DefaultParagraphFont"/><w:rsid w:val="00840613"/><w:rPr><w:smallCaps/></w:rPr></w:style><w:style w:type="character" w:styleId="Foreign"><w:name w:val="Foreign"/><w:rsid w:val="00840613"/></w:style><w:style w:type="character" w:styleId="Deuterocanon"><w:name w:val="Deuterocanon"/><w:rsid w:val="00840613"/></w:style><w:style w:type="character" w:styleId="BookTitleInText"><w:name w:val="Book Title In Text"/><w:rsid w:val="00840613"/><w:rPr><w:i/></w:rPr></w:style><w:style w:type="character" w:styleId="Propername"><w:name w:val="Proper name"/><w:rsid w:val="00840613"/></w:style><w:style w:type="character" w:styleId="KeyWord"><w:name w:val="Key Word"/><w:rsid w:val="00840613"/><w:rPr><w:b/></w:rPr></w:style><w:style w:type="character" w:styleId="Supplied"><w:name w:val="Supplied"/><w:basedOn w:val="DefaultParagraphFont"/><w:rsid w:val="00840613"/><w:rPr><w:i/></w:rPr></w:style><w:style w:type="character" w:styleId="Hand"><w:name w:val="Hand"/><w:basedOn w:val="DefaultParagraphFont"/><w:rsid w:val="00840613"/></w:style><w:style w:type="paragraph" w:styleId="Greeting"><w:name w:val="Greeting"/><w:basedOn w:val="Normal"/><w:rsid w:val="00840613"/><w:pPr><w:pStyle w:val="Greeting"/></w:pPr><w:rPr><wx:font wx:val="Gentium"/></w:rPr></w:style><w:style w:type="paragraph" w:styleId="CongregationalResponse"><w:name w:val="Congregational Response"/><w:basedOn w:val="Normal"/><w:rsid w:val="00840613"/><w:pPr><w:pStyle w:val="CongregationalResponse"/><w:jc w:val="right"/></w:pPr><w:rPr><w:rFonts w:ascii="Arial Unicode MS" w:h-ansi="Arial Unicode MS"/><wx:font wx:val="Arial Unicode MS"/><w:i/><w:sz w:val="16"/></w:rPr></w:style><w:style w:type="character" w:styleId="Bold"><w:name w:val="Bold"/><w:basedOn w:val="DefaultParagraphFont"/><w:rsid w:val="00840613"/><w:rPr><w:b/></w:rPr></w:style><w:style w:type="paragraph" w:styleId="ListItem4"><w:name w:val="List Item 4"/><w:basedOn w:val="ListItem3"/><w:rsid w:val="00840613"/><w:pPr><w:pStyle w:val="ListItem4"/><w:ind w:left="397"/></w:pPr><w:rPr><wx:font wx:val="Gentium"/></w:rPr></w:style><w:style w:type="character" w:styleId="Bolditalic"><w:name w:val="Bold italic"/><w:basedOn w:val="DefaultParagraphFont"/><w:rsid w:val="00840613"/><w:rPr><w:b/><w:i/></w:rPr></w:style><w:style w:type="character" w:styleId="Normaltext"><w:name w:val="Normal text"/><w:basedOn w:val="DefaultParagraphFont"/><w:rsid w:val="00840613"/></w:style><w:style w:type="character" w:styleId="Wordlisted"><w:name w:val="Word listed"/><w:rsid w:val="00840613"/></w:style><w:style w:type="paragraph" w:styleId="IntroTitleMain1"><w:name w:val="Intro Title Main 1"/><w:basedOn w:val="SectionHeadMajor1"/><w:rsid w:val="00840613"/><w:pPr><w:pStyle w:val="IntroTitleMain1"/></w:pPr><w:rPr><wx:font wx:val="EBT Basic"/></w:rPr></w:style><w:style w:type="paragraph" w:styleId="IntroTitleMain2"><w:name w:val="Intro Title Main 2"/><w:basedOn w:val="SectionHeadMajor2"/><w:rsid w:val="00840613"/><w:pPr><w:pStyle w:val="IntroTitleMain2"/></w:pPr><w:rPr><wx:font wx:val="EBT Basic"/></w:rPr></w:style><w:style w:type="paragraph" w:styleId="IntroTitleMain3"><w:name w:val="Intro Title Main 3"/><w:basedOn w:val="SectionHeadMajor3"/><w:rsid w:val="00840613"/><w:pPr><w:pStyle w:val="IntroTitleMain3"/></w:pPr><w:rPr><wx:font wx:val="EBT Basic"/></w:rPr></w:style><w:style w:type="character" w:styleId="Versemarker"><w:name w:val="Verse marker"/><w:basedOn w:val="DefaultParagraphFont"/><w:rsid w:val="00840613"/><w:rPr><w:rFonts w:ascii="Gentium" w:fareast="Arial Unicode MS" w:h-ansi="Gentium" w:cs="Arial Unicode MS"/><w:b/><w:position w:val="6"/><w:sz w:val="12"/><w:vertAlign w:val="baseline"/></w:rPr></w:style><w:style w:type="character" w:styleId="cvmarker"><w:name w:val="cvmarker"/><w:basedOn w:val="Versemarker"/><w:rsid w:val="00840613"/><w:rPr><w:rFonts w:ascii="Arial Narrow" w:fareast="Arial Unicode MS" w:h-ansi="Arial Narrow" w:cs="Arial Unicode MS"/><w:b/><w:color w:val="FFFFFF"/><w:position w:val="4"/><w:sz w:val="2"/><w:vertAlign w:val="superscript"/></w:rPr></w:style><w:style w:type="paragraph" w:styleId="Header"><w:name w:val="header"/><wx:uiName wx:val="Header"/><w:basedOn w:val="ParagraphContinuation"/><w:rsid w:val="00840613"/><w:pPr><w:pStyle w:val="Header"/><w:widowControl w:val="off"/><w:tabs><w:tab w:val="center" w:pos="3572"/><w:tab w:val="right" w:pos="7144"/></w:tabs></w:pPr><w:rPr><w:rFonts w:ascii="EBT Basic" w:h-ansi="EBT Basic"/><wx:font wx:val="EBT Basic"/></w:rPr></w:style><w:style w:type="paragraph" w:styleId="Footer"><w:name w:val="footer"/><wx:uiName wx:val="Footer"/><w:basedOn w:val="Normal"/><w:rsid w:val="00840613"/><w:pPr><w:pStyle w:val="Footer"/><w:tabs><w:tab w:val="center" w:pos="4320"/><w:tab w:val="right" w:pos="8640"/></w:tabs></w:pPr><w:rPr><wx:font wx:val="Gentium"/></w:rPr></w:style><w:style w:type="character" w:styleId="PageNumber"><w:name w:val="page number"/><wx:uiName wx:val="Page Number"/><w:basedOn w:val="DefaultParagraphFont"/><w:rsid w:val="00840613"/></w:style><w:style w:type="paragraph" w:styleId="Error"><w:name w:val="Error"/><w:basedOn w:val="ParagraphContinuation"/><w:rsid w:val="00840613"/><w:pPr><w:pStyle w:val="Error"/></w:pPr><w:rPr><w:rFonts w:ascii="Courier New" w:h-ansi="Courier New"/><wx:font wx:val="Courier New"/><w:color w:val="FF6600"/><w:sz w:val="16"/></w:rPr></w:style><w:style w:type="character" w:styleId="Bookmarker"><w:name w:val="Book marker"/><w:basedOn w:val="cvmarker"/><w:rsid w:val="00840613"/><w:rPr><w:rFonts w:ascii="Arial Narrow" w:fareast="Arial Unicode MS" w:h-ansi="Arial Narrow" w:cs="Arial Unicode MS"/><w:b/><w:color w:val="FFFFFF"/><w:position w:val="4"/><w:sz w:val="2"/><w:vertAlign w:val="superscript"/></w:rPr></w:style><w:style w:type="paragraph" w:styleId="Bookbreak"><w:name w:val="Book break"/><w:basedOn w:val="Normal"/><w:rsid w:val="00840613"/><w:pPr><w:pStyle w:val="Bookbreak"/><w:keepNext/><w:keepLines/><w:pageBreakBefore/><w:ind w:first-line="0"/><w:jc w:val="center"/></w:pPr><w:rPr><w:rFonts w:ascii="Arial Narrow" w:h-ansi="Arial Narrow"/><wx:font wx:val="Arial Narrow"/></w:rPr></w:style><w:style w:type="paragraph" w:styleId="TOC1"><w:name w:val="toc 1"/><wx:uiName wx:val="TOC 1"/><w:basedOn w:val="Normal"/><w:next w:val="Normal"/><w:autoRedefine/><w:semiHidden/><w:rsid w:val="00840613"/><w:pPr><w:pStyle w:val="TOC1"/><w:tabs><w:tab w:val="right" w:leader="hyphen" w:pos="6480"/></w:tabs><w:ind w:left="288" w:hanging="288"/></w:pPr><w:rPr><wx:font wx:val="Gentium"/></w:rPr></w:style><w:style w:type="paragraph" w:styleId="FootnoteText"><w:name w:val="footnote text"/><wx:uiName wx:val="Footnote Text"/><w:basedOn w:val="Normal"/><w:link w:val="FootnoteTextChar"/><w:semiHidden/><w:rsid w:val="00840613"/><w:pPr><w:pStyle w:val="FootnoteText"/></w:pPr><w:rPr><wx:font wx:val="Gentium"/><w:sz-cs w:val="20"/></w:rPr></w:style><w:style w:type="character" w:styleId="FootnoteReference"><w:name w:val="footnote reference"/><wx:uiName wx:val="Footnote Reference"/><w:basedOn w:val="DefaultParagraphFont"/><w:semiHidden/><w:rsid w:val="00840613"/><w:rPr><w:b/><w:vertAlign w:val="superscript"/></w:rPr></w:style><w:style w:type="character" w:styleId="Hyperlink"><w:name w:val="Hyperlink"/><w:basedOn w:val="DefaultParagraphFont"/><w:rsid w:val="00840613"/><w:rPr><w:color w:val="0000FF"/><w:u w:val="single"/></w:rPr></w:style><w:style w:type="paragraph" w:styleId="EndnoteText"><w:name w:val="endnote text"/><wx:uiName wx:val="Endnote Text"/><w:basedOn w:val="Normal"/><w:semiHidden/><w:rsid w:val="00840613"/><w:pPr><w:pStyle w:val="EndnoteText"/></w:pPr><w:rPr><wx:font wx:val="Gentium"/><w:sz-cs w:val="20"/></w:rPr></w:style><w:style w:type="character" w:styleId="EndnoteReference"><w:name w:val="endnote reference"/><wx:uiName wx:val="Endnote Reference"/><w:basedOn w:val="DefaultParagraphFont"/><w:semiHidden/><w:rsid w:val="00840613"/><w:rPr><w:vertAlign w:val="superscript"/></w:rPr></w:style><w:style w:type="paragraph" w:styleId="Footnotenormal"><w:name w:val="Footnote normal"/><w:basedOn w:val="FootnoteText"/><w:link w:val="FootnotenormalChar"/><w:rsid w:val="00840613"/><w:pPr><w:pStyle w:val="Footnotenormal"/></w:pPr><w:rPr><w:rFonts w:ascii="EBT Basic" w:h-ansi="EBT Basic"/><wx:font wx:val="EBT Basic"/><w:sz w:val="18"/></w:rPr></w:style><w:style w:type="paragraph" w:styleId="Footnotecrossreference"><w:name w:val="Footnote crossreference"/><w:basedOn w:val="FootnoteText"/><w:link w:val="FootnotecrossreferenceChar"/><w:rsid w:val="00840613"/><w:pPr><w:pStyle w:val="Footnotecrossreference"/></w:pPr><w:rPr><wx:font wx:val="Gentium"/><w:sz w:val="16"/></w:rPr></w:style><w:style w:type="paragraph" w:styleId="Endnotenormal"><w:name w:val="End note normal"/><w:basedOn w:val="EndnoteText"/><w:rsid w:val="00840613"/><w:pPr><w:pStyle w:val="Endnotenormal"/></w:pPr><w:rPr><wx:font wx:val="Gentium"/><w:sz w:val="16"/></w:rPr></w:style><w:style w:type="character" w:styleId="FootnoteTextChar"><w:name w:val="Footnote Text Char"/><w:basedOn w:val="DefaultParagraphFont"/><w:link w:val="FootnoteText"/><w:rsid w:val="00840613"/><w:rPr><w:rFonts w:ascii="Gentium" w:fareast="Arial Unicode MS" w:h-ansi="Gentium" w:cs="Arial Unicode MS"/><w:noProof/><w:lang w:val="EN-US" w:fareast="EN-US" w:bidi="AR-SA"/></w:rPr></w:style><w:style w:type="character" w:styleId="FootnotenormalChar"><w:name w:val="Footnote normal Char"/><w:basedOn w:val="FootnoteTextChar"/><w:link w:val="Footnotenormal"/><w:rsid w:val="00840613"/><w:rPr><w:rFonts w:ascii="EBT Basic" w:fareast="Arial Unicode MS" w:h-ansi="EBT Basic" w:cs="Arial Unicode MS"/><w:noProof/><w:sz w:val="18"/><w:lang w:val="EN-US" w:fareast="EN-US" w:bidi="AR-SA"/></w:rPr></w:style><w:style w:type="paragraph" w:styleId="ChapterLabel"><w:name w:val="Chapter Label"/><w:basedOn w:val="ParagraphContinuation"/><w:rsid w:val="00840613"/><w:pPr><w:pStyle w:val="ChapterLabel"/><w:keepNext/><w:keepLines/><w:jc w:val="center"/></w:pPr><w:rPr><w:rFonts w:ascii="Arial Unicode MS" w:h-ansi="Arial Unicode MS"/><wx:font wx:val="Arial Unicode MS"/><w:b/><w:sz w:val="24"/></w:rPr></w:style><w:style w:type="paragraph" w:styleId="PsalmLabel"><w:name w:val="Psalm Label"/><w:basedOn w:val="ChapterLabel"/><w:rsid w:val="00840613"/><w:pPr><w:pStyle w:val="PsalmLabel"/></w:pPr><w:rPr><wx:font wx:val="Arial Unicode MS"/></w:rPr></w:style><w:style w:type="paragraph" w:styleId="IntroStanzaBreak"><w:name w:val="Intro Stanza Break"/><w:basedOn w:val="StanzaBreak"/><w:rsid w:val="00840613"/><w:pPr><w:pStyle w:val="IntroStanzaBreak"/></w:pPr><w:rPr><wx:font wx:val="Arial Unicode MS"/></w:rPr></w:style><w:style w:type="paragraph" w:styleId="IntroCitationParagraph"><w:name w:val="Intro Citation Paragraph"/><w:basedOn w:val="IntroParagraphContinuation"/><w:rsid w:val="00840613"/><w:pPr><w:pStyle w:val="IntroCitationParagraph"/></w:pPr><w:rPr><wx:font wx:val="Arial Unicode MS"/></w:rPr></w:style><w:style w:type="paragraph" w:styleId="IntroCitationLine1"><w:name w:val="Intro Citation Line 1"/><w:basedOn w:val="IntroCitationParagraph"/><w:next w:val="IntroCitationParagraph"/><w:rsid w:val="00840613"/><w:pPr><w:pStyle w:val="IntroCitationLine1"/></w:pPr><w:rPr><wx:font wx:val="Arial Unicode MS"/></w:rPr></w:style><w:style w:type="paragraph" w:styleId="IntroCitationReference"><w:name w:val="Intro Citation Reference"/><w:basedOn w:val="IntroCitationParagraph"/><w:rsid w:val="00840613"/><w:pPr><w:pStyle w:val="IntroCitationReference"/></w:pPr><w:rPr><wx:font wx:val="Arial Unicode MS"/></w:rPr></w:style><w:style w:type="paragraph" w:styleId="IntroCitationLine2"><w:name w:val="Intro Citation Line 2"/><w:basedOn w:val="Introductionpoetry2"/><w:rsid w:val="00840613"/><w:pPr><w:pStyle w:val="IntroCitationLine2"/></w:pPr><w:rPr><wx:font wx:val="Arial Unicode MS"/></w:rPr></w:style><w:style w:type="paragraph" w:styleId="IntroCitationLine3"><w:name w:val="Intro Citation Line 3"/><w:basedOn w:val="Introductionpoetry3"/><w:rsid w:val="00840613"/><w:pPr><w:pStyle w:val="IntroCitationLine3"/></w:pPr><w:rPr><wx:font wx:val="Arial Unicode MS"/></w:rPr></w:style><w:style w:type="paragraph" w:styleId="IntroParagraph"><w:name w:val="Intro Paragraph"/><w:basedOn w:val="Introductionnormal"/><w:rsid w:val="00840613"/><w:pPr><w:pStyle w:val="IntroParagraph"/></w:pPr><w:rPr><wx:font wx:val="Arial Unicode MS"/></w:rPr></w:style><w:style w:type="paragraph" w:styleId="IntroParagraphIndented"><w:name w:val="Intro Paragraph Indented"/><w:basedOn w:val="IntroParagraph"/><w:rsid w:val="00840613"/><w:pPr><w:pStyle w:val="IntroParagraphIndented"/><w:ind w:left="397" w:right="397"/></w:pPr><w:rPr><wx:font wx:val="Arial Unicode MS"/></w:rPr></w:style><w:style w:type="paragraph" w:styleId="IntroSectionHead3"><w:name w:val="Intro Section Head 3"/><w:basedOn w:val="IntroSectionHead2"/><w:rsid w:val="00840613"/><w:pPr><w:pStyle w:val="IntroSectionHead3"/></w:pPr><w:rPr><wx:font wx:val="EBT Basic"/><w:sz w:val="18"/></w:rPr></w:style><w:style w:type="character" w:styleId="OrdinalNumberEnding"><w:name w:val="Ordinal Number Ending"/><w:basedOn w:val="DefaultParagraphFont"/><w:rsid w:val="00840613"/><w:rPr><w:vertAlign w:val="superscript"/></w:rPr></w:style><w:style w:type="paragraph" w:styleId="Paragraph"><w:name w:val="Paragraph"/><w:basedOn w:val="Normal"/><w:rsid w:val="00840613"/><w:pPr><w:pStyle w:val="Paragraph"/></w:pPr><w:rPr><wx:font wx:val="Gentium"/></w:rPr></w:style><w:style w:type="character" w:styleId="Inscription"><w:name w:val="Inscription"/><w:basedOn w:val="DefaultParagraphFont"/><w:rsid w:val="00840613"/><w:rPr><w:smallCaps/></w:rPr></w:style><w:style w:type="character" w:styleId="NoteXref"><w:name w:val="Note Xref"/><w:basedOn w:val="CrossreferenceDeuterocanon"/><w:rsid w:val="00840613"/><w:rPr><w:rFonts w:ascii="Arial Unicode MS" w:h-ansi="Arial Unicode MS"/><w:sz w:val="12"/></w:rPr></w:style><w:style w:type="paragraph" w:styleId="IntroOutlineTitle"><w:name w:val="Intro Outline Title"/><w:basedOn w:val="IntroSectionHead1"/><w:rsid w:val="00840613"/><w:pPr><w:pStyle w:val="IntroOutlineTitle"/></w:pPr><w:rPr><wx:font wx:val="EBT Basic"/></w:rPr></w:style><w:style w:type="paragraph" w:styleId="IntroParagraphQuote"><w:name w:val="Intro Paragraph Quote"/><w:basedOn w:val="IntroParagraphIndented"/><w:rsid w:val="00840613"/><w:pPr><w:pStyle w:val="IntroParagraphQuote"/></w:pPr><w:rPr><wx:font wx:val="Arial Unicode MS"/></w:rPr></w:style><w:style w:type="paragraph" w:styleId="IntroTitleEnd"><w:name w:val="Intro Title End"/><w:basedOn w:val="IntroTitleMain1"/><w:rsid w:val="00840613"/><w:pPr><w:pStyle w:val="IntroTitleEnd"/></w:pPr><w:rPr><wx:font wx:val="EBT Basic"/></w:rPr></w:style><w:style w:type="paragraph" w:styleId="BookTitle1"><w:name w:val="Book Title 1"/><w:basedOn w:val="ChapterLabel"/><w:rsid w:val="00840613"/><w:pPr><w:pStyle w:val="BookTitle1"/></w:pPr><w:rPr><wx:font wx:val="Arial Unicode MS"/></w:rPr></w:style><w:style w:type="paragraph" w:styleId="BookTitleatEnding"><w:name w:val="Book Title at Ending"/><w:basedOn w:val="BookTitle1"/><w:rsid w:val="00840613"/><w:pPr><w:pStyle w:val="BookTitleatEnding"/></w:pPr><w:rPr><wx:font wx:val="Arial Unicode MS"/></w:rPr></w:style><w:style w:type="paragraph" w:styleId="LetterParagraph2"><w:name w:val="Letter Paragraph 2"/><w:basedOn w:val="LetterParagraph1"/><w:rsid w:val="00840613"/><w:pPr><w:pStyle w:val="LetterParagraph2"/><w:ind w:left="567" w:right="289"/></w:pPr><w:rPr><wx:font wx:val="Gentium"/></w:rPr></w:style><w:style w:type="paragraph" w:styleId="LetterParagraph3"><w:name w:val="Letter Paragraph 3"/><w:basedOn w:val="LetterParagraph2"/><w:rsid w:val="00840613"/><w:pPr><w:pStyle w:val="LetterParagraph3"/><w:ind w:left="851"/></w:pPr><w:rPr><wx:font wx:val="Gentium"/></w:rPr></w:style><w:style w:type="paragraph" w:styleId="HangingIndent2"><w:name w:val="Hanging Indent 2"/><w:basedOn w:val="LetterParagraph2"/><w:rsid w:val="00840613"/><w:pPr><w:pStyle w:val="HangingIndent2"/></w:pPr><w:rPr><wx:font wx:val="Gentium"/></w:rPr></w:style><w:style w:type="paragraph" w:styleId="HangingIndent3"><w:name w:val="Hanging Indent 3"/><w:basedOn w:val="LetterParagraph3"/><w:rsid w:val="00840613"/><w:pPr><w:pStyle w:val="HangingIndent3"/></w:pPr><w:rPr><wx:font wx:val="Gentium"/></w:rPr></w:style><w:style w:type="paragraph" w:styleId="DiscourseIntro"><w:name w:val="Discourse Intro"/><w:basedOn w:val="Normal"/><w:rsid w:val="00840613"/><w:pPr><w:pStyle w:val="DiscourseIntro"/></w:pPr><w:rPr><wx:font wx:val="Gentium"/></w:rPr></w:style><w:style w:type="paragraph" w:styleId="DiscourseEnd"><w:name w:val="Discourse End"/><w:basedOn w:val="Normal"/><w:rsid w:val="00840613"/><w:pPr><w:pStyle w:val="DiscourseEnd"/></w:pPr><w:rPr><wx:font wx:val="Gentium"/></w:rPr></w:style><w:style w:type="character" w:styleId="SecondaryLanguageSource"><w:name w:val="Secondary Language Source"/><w:basedOn w:val="DefaultParagraphFont"/><w:rsid w:val="00840613"/></w:style><w:style w:type="paragraph" w:styleId="BookTitle2"><w:name w:val="Book Title 2"/><w:basedOn w:val="BookTitle1"/><w:rsid w:val="00840613"/><w:pPr><w:pStyle w:val="BookTitle2"/></w:pPr><w:rPr><wx:font wx:val="Arial Unicode MS"/><w:sz w:val="22"/></w:rPr></w:style><w:style w:type="paragraph" w:styleId="BookTitle3"><w:name w:val="Book Title 3"/><w:basedOn w:val="BookTitle2"/><w:rsid w:val="00840613"/><w:pPr><w:pStyle w:val="BookTitle3"/></w:pPr><w:rPr><wx:font wx:val="Arial Unicode MS"/><w:sz w:val="20"/></w:rPr></w:style><w:style w:type="character" w:styleId="FootnotecrossreferenceChar"><w:name w:val="Footnote crossreference Char"/><w:basedOn w:val="FootnoteTextChar"/><w:link w:val="Footnotecrossreference"/><w:rsid w:val="00840613"/><w:rPr><w:rFonts w:ascii="Arial" w:fareast="Arial Unicode MS" w:h-ansi="Arial" w:cs="Arial Unicode MS"/><w:noProof/><w:sz w:val="16"/><w:lang w:val="EN-US" w:fareast="EN-US" w:bidi="AR-SA"/></w:rPr></w:style><w:style w:type="paragraph" w:styleId="Sectiontitle1"><w:name w:val="Section title 1"/><w:basedOn w:val="SectionHead1"/><w:rsid w:val="00840613"/><w:pPr><w:pStyle w:val="Sectiontitle1"/></w:pPr><w:rPr><wx:font wx:val="EBT Basic"/></w:rPr></w:style><w:style w:type="paragraph" w:styleId="Sectiontitle2"><w:name w:val="Section title 2"/><w:basedOn w:val="SectionHead2"/><w:rsid w:val="00840613"/><w:pPr><w:pStyle w:val="Sectiontitle2"/></w:pPr><w:rPr><wx:font wx:val="EBT Basic"/></w:rPr></w:style><w:style w:type="paragraph" w:styleId="Sectiontitle3"><w:name w:val="Section title 3"/><w:basedOn w:val="SectionHead3"/><w:rsid w:val="00840613"/><w:pPr><w:pStyle w:val="Sectiontitle3"/></w:pPr><w:rPr><wx:font wx:val="EBT Basic"/></w:rPr></w:style><w:style w:type="paragraph" w:styleId="TitleBase"><w:name w:val="Title Base"/><w:basedOn w:val="Normal"/><w:rsid w:val="00840613"/><w:pPr><w:pStyle w:val="TitleBase"/><w:ind w:first-line="0"/><w:jc w:val="center"/></w:pPr><w:rPr><w:rFonts w:ascii="EBT Basic" w:h-ansi="EBT Basic"/><wx:font wx:val="EBT Basic"/><w:b/><w:sz w:val="18"/></w:rPr></w:style><w:style w:type="paragraph" w:styleId="Invisible"><w:name w:val="Invisible"/><w:basedOn w:val="Normal"/><w:rsid w:val="00840613"/><w:pPr><w:pStyle w:val="Invisible"/></w:pPr><w:rPr><w:rFonts w:ascii="Arial Narrow" w:h-ansi="Arial Narrow"/><wx:font wx:val="Arial Narrow"/><w:vanish/><w:color w:val="FFFFFF"/><w:sz w:val="2"/></w:rPr></w:style><w:style w:type="character" w:styleId="Footnotesource"><w:name w:val="Footnote source"/><w:basedOn w:val="Footnote"/><w:rsid w:val="00840613"/><w:rPr><w:rFonts w:ascii="EBT Basic" w:h-ansi="EBT Basic"/><w:b/><w:sz w:val="18"/></w:rPr></w:style><w:style w:type="character" w:styleId="Hidden"><w:name w:val="Hidden"/><w:basedOn w:val="cvmarker"/><w:rsid w:val="00840613"/><w:rPr><w:rFonts w:ascii="Arial Narrow" w:fareast="Arial Unicode MS" w:h-ansi="Arial Narrow" w:cs="Arial Unicode MS"/><w:b/><w:vanish/><w:color w:val="FFFFFF"/><w:position w:val="4"/><w:sz w:val="2"/><w:vertAlign w:val="superscript"/></w:rPr></w:style><w:style w:type="paragraph" w:styleId="EmbeddedParagraph"><w:name w:val="Embedded Paragraph"/><w:basedOn w:val="Normal"/><w:rsid w:val="00840613"/><w:pPr><w:pStyle w:val="EmbeddedParagraph"/><w:ind w:left="170" w:first-line="170"/></w:pPr><w:rPr><wx:font wx:val="Gentium"/><w:sz w:val="20"/></w:rPr></w:style><w:style w:type="paragraph" w:styleId="EmbeddedOpening"><w:name w:val="Embedded Opening"/><w:basedOn w:val="EmbeddedParagraph"/><w:next w:val="EmbeddedParagraph"/><w:rsid w:val="00840613"/><w:pPr><w:pStyle w:val="EmbeddedOpening"/><w:ind w:first-line="0"/></w:pPr><w:rPr><wx:font wx:val="Gentium"/></w:rPr></w:style><w:style w:type="paragraph" w:styleId="EmbeddedPoetry1"><w:name w:val="Embedded Poetry 1"/><w:basedOn w:val="Normal"/><w:rsid w:val="00840613"/><w:pPr><w:pStyle w:val="EmbeddedPoetry1"/><w:ind w:left="890" w:hanging="720"/></w:pPr><w:rPr><wx:font wx:val="Gentium"/><w:sz w:val="20"/></w:rPr></w:style><w:style w:type="paragraph" w:styleId="EmbeddedPoetry2"><w:name w:val="Embedded Poetry 2"/><w:basedOn w:val="Normal"/><w:rsid w:val="00840613"/><w:pPr><w:pStyle w:val="EmbeddedPoetry2"/><w:ind w:left="947" w:hanging="431"/></w:pPr><w:rPr><wx:font wx:val="Gentium"/><w:sz w:val="20"/></w:rPr></w:style><w:style w:type="paragraph" w:styleId="EmbeddedPoetry3"><w:name w:val="Embedded Poetry 3"/><w:basedOn w:val="Normal"/><w:rsid w:val="00840613"/><w:pPr><w:pStyle w:val="EmbeddedPoetry3"/><w:ind w:left="890" w:hanging="142"/></w:pPr><w:rPr><wx:font wx:val="Gentium"/><w:sz w:val="20"/></w:rPr></w:style><w:style w:type="paragraph" w:styleId="EmbeddedRefrain"><w:name w:val="Embedded Refrain"/><w:basedOn w:val="EmbeddedParagraph"/><w:rsid w:val="00840613"/><w:pPr><w:pStyle w:val="EmbeddedRefrain"/><w:ind w:first-line="0"/><w:jc w:val="right"/></w:pPr><w:rPr><wx:font wx:val="Gentium"/></w:rPr></w:style><w:style w:type="character" w:styleId="Emphasized"><w:name w:val="Emphasized"/><w:basedOn w:val="DefaultParagraphFont"/><w:rsid w:val="00840613"/><w:rPr><w:b/></w:rPr></w:style><w:style w:type="paragraph" w:styleId="Normal-ch"><w:name w:val="Normal-ch"/><w:basedOn w:val="Normal"/><w:rsid w:val="00840613"/><w:pPr><w:pStyle w:val="Normal-ch"/><w:spacing w:before="240"/><w:ind w:first-line="0"/></w:pPr><w:rPr><wx:font wx:val="Gentium"/><w:sz w:val="20"/></w:rPr></w:style><w:style w:type="paragraph" w:styleId="Poetryline1-ch"><w:name w:val="Poetry line 1-ch"/><w:basedOn w:val="Normal"/><w:rsid w:val="00840613"/><w:pPr><w:pStyle w:val="Poetryline1-ch"/><w:spacing w:before="240"/><w:ind w:left="720" w:hanging="720"/></w:pPr><w:rPr><wx:font wx:val="Gentium"/><w:sz w:val="20"/></w:rPr></w:style><w:style w:type="character" w:styleId="Pronunciation"><w:name w:val="Pronunciation"/><w:basedOn w:val="DefaultParagraphFont"/><w:rsid w:val="00840613"/><w:rPr><w:color w:val="99CC00"/></w:rPr></w:style><w:style w:type="paragraph" w:styleId="SectionReference"><w:name w:val="Section Reference"/><w:basedOn w:val="Normal"/><w:rsid w:val="00840613"/><w:pPr><w:pStyle w:val="SectionReference"/><w:keepNext/><w:keepLines/><w:spacing w:before="120"/><w:ind w:first-line="0"/><w:jc w:val="center"/><w:outlineLvl w:val="2"/></w:pPr><w:rPr><w:rFonts w:ascii="EBT Basic" w:h-ansi="EBT Basic"/><wx:font wx:val="EBT Basic"/><w:i/><w:sz w:val="16"/></w:rPr></w:style><w:style w:type="character" w:styleId="WordsofJesus"><w:name w:val="Words of Jesus"/><w:basedOn w:val="DefaultParagraphFont"/><w:rsid w:val="00840613"/><w:rPr><w:color w:val="800000"/></w:rPr></w:style><w:style w:type="character" w:styleId="Italics"><w:name w:val="Italics"/><w:basedOn w:val="DefaultParagraphFont"/><w:rsid w:val="00840613"/><w:rPr><w:i/></w:rPr></w:style><w:style w:type="paragraph" w:styleId="HorizontalRule"><w:name w:val="Horizontal Rule"/><w:basedOn w:val="Normal"/><w:next w:val="Normal"/><w:rsid w:val="00840613"/><w:pPr><w:pStyle w:val="HorizontalRule"/><w:pBdr><w:bottom w:val="single" w:sz="8" wx:bdrwidth="20" w:space="1" w:color="auto"/></w:pBdr><w:ind w:first-line="0"/><w:jc w:val="center"/></w:pPr><w:rPr><wx:font wx:val="Gentium"/><w:sz w:val="2"/></w:rPr></w:style><w:style w:type="paragraph" w:styleId="InvisibleParagraph"><w:name w:val="Invisible Paragraph"/><w:basedOn w:val="Normal"/><w:rsid w:val="00840613"/><w:pPr><w:pStyle w:val="InvisibleParagraph"/><w:spacing w:line="14" w:line-rule="exact"/><w:ind w:left="-170" w:right="-170" w:first-line="0"/></w:pPr><w:rPr><w:rFonts w:ascii="Arial Narrow" w:h-ansi="Arial Narrow"/><wx:font wx:val="Arial Narrow"/><w:vanish/><w:sz w:val="2"/><w:sz-cs w:val="2"/></w:rPr></w:style><w:style w:type="character" w:styleId="Quotedfromtext"><w:name w:val="Quoted from text"/><w:basedOn w:val="AlternateReading"/><w:rsid w:val="00840613"/><w:rPr><w:rFonts w:ascii="Gentium" w:h-ansi="Gentium"/><w:sz w:val="16"/></w:rPr></w:style><w:style w:type="paragraph" w:styleId="PictureCaption"><w:name w:val="Picture Caption"/><w:basedOn w:val="TitleBase"/><w:rsid w:val="00840613"/><w:pPr><w:pStyle w:val="PictureCaption"/><w:spacing w:line="240" w:line-rule="auto"/></w:pPr><w:rPr><wx:font wx:val="EBT Basic"/><w:b w:val="off"/><w:sz w:val="16"/><w:sz-cs w:val="16"/></w:rPr></w:style><w:style w:type="paragraph" w:styleId="RightReference"><w:name w:val="Right Reference"/><w:basedOn w:val="Normal"/><w:next w:val="Normal"/><w:rsid w:val="00840613"/><w:pPr><w:pStyle w:val="RightReference"/><w:ind w:first-line="0"/><w:jc w:val="right"/></w:pPr><w:rPr><wx:font wx:val="Gentium"/><w:i/><w:sz w:val="16"/><w:sz-cs w:val="16"/></w:rPr></w:style><w:style w:type="paragraph" w:styleId="Concordance"><w:name w:val="Concordance"/><w:basedOn w:val="Paragraph"/><w:next w:val="Paragraph"/><w:rsid w:val="00840613"/><w:pPr><w:pStyle w:val="Concordance"/></w:pPr><w:rPr><wx:font wx:val="Gentium"/><w:sz w:val="20"/></w:rPr></w:style><w:style w:type="paragraph" w:styleId="Cover"><w:name w:val="Cover"/><w:basedOn w:val="Paragraph"/><w:next w:val="Paragraph"/><w:rsid w:val="00840613"/><w:pPr><w:pStyle w:val="Cover"/></w:pPr><w:rPr><wx:font wx:val="Gentium"/><w:sz w:val="20"/></w:rPr></w:style><w:style w:type="paragraph" w:styleId="Glossary"><w:name w:val="Glossary"/><w:basedOn w:val="Paragraph"/><w:next w:val="Paragraph"/><w:rsid w:val="00840613"/><w:pPr><w:pStyle w:val="Glossary"/></w:pPr><w:rPr><wx:font wx:val="Gentium"/><w:sz w:val="20"/></w:rPr></w:style><w:style w:type="paragraph" w:styleId="Index"><w:name w:val="Index"/><w:basedOn w:val="Paragraph"/><w:next w:val="Paragraph"/><w:rsid w:val="00840613"/><w:pPr><w:pStyle w:val="Index"/></w:pPr><w:rPr><wx:font wx:val="Gentium"/><w:sz w:val="20"/></w:rPr></w:style><w:style w:type="paragraph" w:styleId="Intro"><w:name w:val="Intro"/><w:basedOn w:val="Paragraph"/><w:next w:val="Paragraph"/><w:rsid w:val="00840613"/><w:pPr><w:pStyle w:val="Intro"/></w:pPr><w:rPr><wx:font wx:val="Gentium"/><w:sz w:val="20"/></w:rPr></w:style><w:style w:type="paragraph" w:styleId="Keyword1"><w:name w:val="Keyword 1"/><w:basedOn w:val="Paragraph"/><w:next w:val="Paragraph"/><w:rsid w:val="00840613"/><w:pPr><w:pStyle w:val="Keyword1"/><w:ind w:left="289" w:hanging="289"/></w:pPr><w:rPr><wx:font wx:val="Gentium"/><w:b/><w:sz w:val="20"/></w:rPr></w:style><w:style w:type="paragraph" w:styleId="Keyword2"><w:name w:val="Keyword 2"/><w:basedOn w:val="Keyword1"/><w:next w:val="Paragraph"/><w:rsid w:val="00840613"/><w:pPr><w:pStyle w:val="Keyword2"/><w:ind w:left="402"/></w:pPr><w:rPr><wx:font wx:val="Gentium"/></w:rPr></w:style><w:style w:type="paragraph" w:styleId="Keyword3"><w:name w:val="Keyword 3"/><w:basedOn w:val="Keyword1"/><w:next w:val="Paragraph"/><w:rsid w:val="00840613"/><w:pPr><w:pStyle w:val="Keyword3"/><w:ind w:left="516"/></w:pPr><w:rPr><wx:font wx:val="Gentium"/></w:rPr></w:style><w:style w:type="paragraph" w:styleId="Preface"><w:name w:val="Preface"/><w:basedOn w:val="Paragraph"/><w:next w:val="Paragraph"/><w:rsid w:val="00840613"/><w:pPr><w:pStyle w:val="Preface"/></w:pPr><w:rPr><wx:font wx:val="Gentium"/><w:sz w:val="20"/></w:rPr></w:style><w:style w:type="paragraph" w:styleId="Publicationdata"><w:name w:val="Publication data"/><w:basedOn w:val="Paragraph"/><w:next w:val="Paragraph"/><w:rsid w:val="00840613"/><w:pPr><w:pStyle w:val="Publicationdata"/></w:pPr><w:rPr><wx:font wx:val="Gentium"/><w:sz w:val="20"/></w:rPr></w:style><w:style w:type="paragraph" w:styleId="Publicationinfo"><w:name w:val="Publication info"/><w:basedOn w:val="Paragraph"/><w:next w:val="Paragraph"/><w:rsid w:val="00840613"/><w:pPr><w:pStyle w:val="Publicationinfo"/></w:pPr><w:rPr><wx:font wx:val="Gentium"/><w:sz w:val="20"/></w:rPr></w:style><w:style w:type="paragraph" w:styleId="Spine"><w:name w:val="Spine"/><w:basedOn w:val="Paragraph"/><w:next w:val="Paragraph"/><w:rsid w:val="00840613"/><w:pPr><w:pStyle w:val="Spine"/></w:pPr><w:rPr><wx:font wx:val="Gentium"/><w:sz w:val="20"/></w:rPr></w:style><w:style w:type="character" w:styleId="FootnoteLabel"><w:name w:val="Footnote Label"/><w:basedOn w:val="DefaultParagraphFont"/><w:rsid w:val="00840613"/><w:rPr><w:b/><w:vertAlign w:val="superscript"/></w:rPr></w:style><w:style w:type="character" w:styleId="WordlistGreek"><w:name w:val="Word list Greek"/><w:basedOn w:val="Wordlisted"/><w:rsid w:val="00BB18E6"/></w:style><w:style w:type="character" w:styleId="WordlistHebrew"><w:name w:val="Word list Hebrew"/><w:basedOn w:val="Wordlisted"/><w:rsid w:val="00BB18E6"/></w:style><w:style w:type="character" w:styleId="zc"><w:name w:val="zc"/><w:basedOn w:val="DefaultParagraphFont"/><w:rsid w:val="00C36DD8"/><w:rPr><w:color w:val="00FF00"/></w:rPr></w:style><w:style w:type="paragraph" w:styleId="zp"><w:name w:val="zp"/><w:basedOn w:val="Normal"/><w:rsid w:val="00C36DD8"/><w:pPr><w:pStyle w:val="zp"/></w:pPr><w:rPr><w:rFonts w:ascii="Andika DesRev A" w:h-ansi="Andika DesRev A"/><wx:font wx:val="Andika DesRev A"/><w:color w:val="008000"/></w:rPr></w:style><w:style w:type="character" w:styleId="Figure"><w:name w:val="Figure"/><w:rsid w:val="00F26BEB"/><w:rPr><w:color w:val="008000"/></w:rPr></w:style><w:style w:type="character" w:styleId="FigureCaption"><w:name w:val="Figure Caption"/><w:basedOn w:val="Figure"/><w:rsid w:val="00F26BEB"/><w:rPr><w:color w:val="333399"/></w:rPr></w:style><w:style w:type="character" w:styleId="FigureCopyright"><w:name w:val="Figure Copyright"/><w:basedOn w:val="Figure"/><w:rsid w:val="00F26BEB"/><w:rPr><w:color w:val="0000FF"/></w:rPr></w:style><w:style w:type="character" w:styleId="FigureDescription"><w:name w:val="Figure Description"/><w:basedOn w:val="Figure"/><w:rsid w:val="00F26BEB"/><w:rPr><w:color w:val="FF0000"/></w:rPr></w:style><w:style w:type="character" w:styleId="FigureFilename"><w:name w:val="Figure Filename"/><w:basedOn w:val="Figure"/><w:rsid w:val="00F26BEB"/><w:rPr><w:color w:val="FF6600"/></w:rPr></w:style><w:style w:type="character" w:styleId="FigureLocation"><w:name w:val="Figure Location"/><w:basedOn w:val="Figure"/><w:rsid w:val="00F26BEB"/><w:rPr><w:color w:val="00FF00"/></w:rPr></w:style><w:style w:type="character" w:styleId="FigureReference"><w:name w:val="Figure Reference"/><w:basedOn w:val="Figure"/><w:rsid w:val="00F26BEB"/><w:rPr><w:color w:val="800080"/></w:rPr></w:style><w:style w:type="character" w:styleId="FigureSize"><w:name w:val="Figure Size"/><w:basedOn w:val="Figure"/><w:rsid w:val="00F26BEB"/><w:rPr><w:color w:val="FFFF00"/></w:rPr></w:style></w:styles><w:docPr><w:view w:val="print"/><w:zoom w:percent="100"/><w:embedTrueTypeFonts/><w:doNotEmbedSystemFonts/><w:mirrorMargins/><w:hideSpellingErrors/><w:activeWritingStyle w:lang="EN-US" w:vendorID="64" w:dllVersion="131078" w:nlCheck="on" w:optionSet="1"/><w:activeWritingStyle w:lang="EN-AU" w:vendorID="64" w:dllVersion="131078" w:nlCheck="on" w:optionSet="1"/><w:attachedTemplate w:val=""/><w:defaultTabStop w:val="720"/><w:evenAndOddHeaders/><w:punctuationKerning/><w:characterSpacingControl w:val="DontCompress"/><w:optimizeForBrowser/><w:validateAgainstSchema/><w:saveInvalidXML w:val="off"/><w:ignoreMixedContent w:val="off"/><w:alwaysShowPlaceholderText w:val="off"/><w:footnotePr><w:numFmt w:val="lower-letter"/><w:numRestart w:val="each-page"/><w:footnote w:type="separator"><w:p wsp:rsidR="00981B69" wsp:rsidRDefault="00981B69"><w:r><w:separator/></w:r></w:p></w:footnote><w:footnote w:type="continuation-separator"><w:p wsp:rsidR="00981B69" wsp:rsidRDefault="00981B69"><w:r><w:continuationSeparator/></w:r></w:p></w:footnote></w:footnotePr><w:endnotePr><w:endnote w:type="separator"><w:p wsp:rsidR="00981B69" wsp:rsidRDefault="00981B69"><w:r><w:separator/></w:r></w:p></w:endnote><w:endnote w:type="continuation-separator"><w:p wsp:rsidR="00981B69" wsp:rsidRDefault="00981B69"><w:r><w:continuationSeparator/></w:r></w:p></w:endnote></w:endnotePr><w:compat><w:breakWrappedTables/><w:snapToGridInCell/><w:wrapTextWithPunct/><w:useAsianBreakRules/><w:dontGrowAutofit/></w:compat><wsp:rsids><wsp:rsidRoot wsp:val="00CB601B"/><wsp:rsid wsp:val="00002650"/><wsp:rsid wsp:val="000862CB"/><wsp:rsid wsp:val="00981B69"/><wsp:rsid wsp:val="00995775"/><wsp:rsid wsp:val="00C36DD8"/><wsp:rsid wsp:val="00CB601B"/><wsp:rsid wsp:val="00F26BEB"/><wsp:rsid wsp:val="00F45D8A"/></wsp:rsids></w:docPr><w:body><wx:sect><wx:sub-section><wx:sub-section><w:p wsp:rsidR="00CB601B" wsp:rsidRDefault="000862CB"><w:pPr><w:pStyle w:val="BridgeTitle1"/></w:pPr><w:r><w:t>Contents</w:t></w:r></w:p><w:p wsp:rsidR="00CB601B" wsp:rsidRDefault="00995775"><w:pPr><w:pStyle w:val="TOC1"/><w:tabs><w:tab w:val="right" w:leader="dot" w:pos="3178"/></w:tabs><w:rPr><w:rFonts w:ascii="Times New Roman" w:fareast="SimSun" w:h-ansi="Times New Roman" w:cs="Times New Roman"/><wx:font wx:val="Times New Roman"/><w:sz w:val="24"/><w:lang w:fareast="ZH-CN" w:bidi="HE"/></w:rPr></w:pPr><w:r><w:fldChar w:fldCharType="begin"/></w:r><w:r wsp:rsidR="000862CB"><w:instrText> TOC \h \z \t "Book Title 1,1" </w:instrText></w:r><w:r><w:fldChar w:fldCharType="separate"/></w:r><w:hlink w:bookmark="_Toc84346157"><w:r wsp:rsidR="000862CB"><w:rPr><w:rStyle w:val="Hyperlink"/></w:rPr><w:t>Place Cursor Here &amp; Press F9</w:t></w:r><w:r wsp:rsidR="000862CB"><w:rPr><w:webHidden/></w:rPr><w:tab wx:wTab="105" wx:tlc="dot" wx:cTlc="1"/></w:r><w:r><w:rPr><w:webHidden/></w:rPr><w:fldChar w:fldCharType="begin"><w:fldData>CNDJ6nn5us4RjIIAqgBLqQsCAAAACAAAAA0AAABfAFQAbwBjADgANAAzADQANgAxADUANwAAAA==
</w:fldData></w:fldChar></w:r><w:r wsp:rsidR="000862CB"><w:rPr><w:webHidden/></w:rPr><w:instrText> PAGEREF _Toc84346157 \h </w:instrText></w:r><w:r><w:rPr><w:webHidden/></w:rPr><w:fldChar w:fldCharType="separate"/></w:r><w:r wsp:rsidR="000862CB"><w:rPr><w:webHidden/></w:rPr><w:t>1</w:t></w:r><w:r><w:rPr><w:webHidden/></w:rPr><w:fldChar w:fldCharType="end"/></w:r></w:hlink></w:p><w:p wsp:rsidR="00CB601B" wsp:rsidRDefault="00995775"><w:pPr><w:pStyle w:val="ParagraphContinuation"/></w:pPr><w:r><w:fldChar w:fldCharType="end"/></w:r></w:p><w:p wsp:rsidR="00CB601B" wsp:rsidRDefault="00CB601B"/><w:p wsp:rsidR="00CB601B" wsp:rsidRDefault="00CB601B"/><wx:sub-section><w:p wsp:rsidR="00CB601B" wsp:rsidRDefault="00CB601B"><w:pPr><w:pStyle w:val="SectionHead3"/><w:rPr><w:rStyle w:val="Normaltext"/></w:rPr></w:pPr></w:p><w:sectPr wsp:rsidR="00CB601B" wsp:rsidSect="00CB601B"><w:hdr w:type="even"><w:p wsp:rsidR="00CB601B" wsp:rsidRDefault="00995775"><w:pPr><w:pStyle w:val="Header"/></w:pPr><w:r><w:fldChar w:fldCharType="begin"/></w:r><w:r wsp:rsidR="000862CB"><w:instrText> STYLEREF  "Book marker" </w:instrText></w:r><w:r><w:fldChar w:fldCharType="separate"/></w:r><w:r wsp:rsidR="000862CB"><w:rPr><w:b/><w:b-cs/></w:rPr><w:t>Error! No text of specified style in document.</w:t></w:r><w:r><w:fldChar w:fldCharType="end"/></w:r><w:r wsp:rsidR="000862CB"><w:t> </w:t></w:r><w:r><w:fldChar w:fldCharType="begin"/></w:r><w:r wsp:rsidR="000862CB"><w:instrText> STYLEREF  cvmarker </w:instrText></w:r><w:r><w:fldChar w:fldCharType="separate"/></w:r><w:r wsp:rsidR="000862CB"><w:t>5</w:t></w:r><w:r><w:fldChar w:fldCharType="end"/></w:r><w:r wsp:rsidR="000862CB"><w:tab wx:wTab="1905" wx:tlc="none" wx:cTlc="31"/></w:r><w:r><w:rPr><w:rStyle w:val="PageNumber"/></w:rPr><w:fldChar w:fldCharType="begin"/></w:r><w:r wsp:rsidR="000862CB"><w:rPr><w:rStyle w:val="PageNumber"/></w:rPr><w:instrText> PAGE </w:instrText></w:r><w:r><w:rPr><w:rStyle w:val="PageNumber"/></w:rPr><w:fldChar w:fldCharType="separate"/></w:r><w:r wsp:rsidR="000862CB"><w:rPr><w:rStyle w:val="PageNumber"/></w:rPr><w:t>4</w:t></w:r><w:r><w:rPr><w:rStyle w:val="PageNumber"/></w:rPr><w:fldChar w:fldCharType="end"/></w:r><w:r wsp:rsidR="000862CB"><w:rPr><w:rStyle w:val="PageNumber"/></w:rPr><w:tab wx:wTab="60" wx:tlc="none" wx:cTlc="0"/></w:r><w:r><w:fldChar w:fldCharType="begin"/></w:r><w:r wsp:rsidR="000862CB"><w:instrText> STYLEREF  "Book marker" </w:instrText></w:r><w:r><w:fldChar w:fldCharType="separate"/></w:r><w:r wsp:rsidR="000862CB"><w:rPr><w:b/><w:b-cs/></w:rPr><w:t>Error! No text of specified style in document.</w:t></w:r><w:r><w:fldChar w:fldCharType="end"/></w:r><w:r wsp:rsidR="000862CB"><w:t> </w:t></w:r><w:r><w:fldChar w:fldCharType="begin"/></w:r><w:r wsp:rsidR="000862CB"><w:instrText> STYLEREF  cvmarker \l </w:instrText></w:r><w:r><w:fldChar w:fldCharType="separate"/></w:r><w:r wsp:rsidR="000862CB"><w:t>5</w:t></w:r><w:r><w:fldChar w:fldCharType="end"/></w:r></w:p></w:hdr><w:hdr w:type="odd"><w:p wsp:rsidR="00CB601B" wsp:rsidRDefault="00995775"><w:pPr><w:pStyle w:val="Header"/></w:pPr><w:r><w:fldChar w:fldCharType="begin"/></w:r><w:r wsp:rsidR="000862CB"><w:instrText> STYLEREF  "Book marker" </w:instrText></w:r><w:r><w:fldChar w:fldCharType="separate"/></w:r><w:r wsp:rsidR="000862CB"><w:rPr><w:b/><w:b-cs/></w:rPr><w:t>Error! No text of specified style in document.</w:t></w:r><w:r><w:fldChar w:fldCharType="end"/></w:r><w:r wsp:rsidR="000862CB"><w:t> </w:t></w:r><w:r><w:fldChar w:fldCharType="begin"/></w:r><w:r wsp:rsidR="000862CB"><w:instrText> STYLEREF  cvmarker </w:instrText></w:r><w:r><w:fldChar w:fldCharType="separate"/></w:r><w:r wsp:rsidR="000862CB"><w:t>4</w:t></w:r><w:r><w:fldChar w:fldCharType="end"/></w:r><w:r wsp:rsidR="000862CB"><w:tab wx:wTab="1905" wx:tlc="none" wx:cTlc="31"/></w:r><w:fldSimple w:instr=" PAGE  \* Arabic  \* MERGEFORMAT "><w:r wsp:rsidR="000862CB"><w:t>3</w:t></w:r></w:fldSimple><w:r wsp:rsidR="000862CB"><w:tab wx:wTab="60" wx:tlc="none" wx:cTlc="0"/></w:r><w:r><w:fldChar w:fldCharType="begin"/></w:r><w:r wsp:rsidR="000862CB"><w:instrText> STYLEREF  "Book marker" </w:instrText></w:r><w:r><w:fldChar w:fldCharType="separate"/></w:r><w:r wsp:rsidR="000862CB"><w:rPr><w:b/><w:b-cs/></w:rPr><w:t>Error! No text of specified style in document.</w:t></w:r><w:r><w:fldChar w:fldCharType="end"/></w:r><w:r wsp:rsidR="000862CB"><w:t> </w:t></w:r><w:r><w:fldChar w:fldCharType="begin"/></w:r><w:r wsp:rsidR="000862CB"><w:instrText> STYLEREF  cvmarker \l </w:instrText></w:r><w:r><w:fldChar w:fldCharType="separate"/></w:r><w:r wsp:rsidR="000862CB"><w:t>5</w:t></w:r><w:r><w:fldChar w:fldCharType="end"/></w:r></w:p></w:hdr><w:ftr w:type="even"><w:p wsp:rsidR="00CB601B" wsp:rsidRDefault="00CB601B"><w:pPr><w:pStyle w:val="Footer"/></w:pPr></w:p></w:ftr><w:ftr w:type="odd"><w:p wsp:rsidR="00CB601B" wsp:rsidRDefault="00CB601B"><w:pPr><w:pStyle w:val="Footer"/></w:pPr></w:p></w:ftr><w:hdr w:type="first"><w:p wsp:rsidR="00CB601B" wsp:rsidRDefault="000862CB"><w:pPr><w:pStyle w:val="Header"/></w:pPr><w:r><w:tab wx:wTab="3510" wx:tlc="none" wx:cTlc="58"/></w:r><w:r wsp:rsidR="00995775"><w:rPr><w:rStyle w:val="PageNumber"/></w:rPr><w:fldChar w:fldCharType="begin"/></w:r><w:r><w:rPr><w:rStyle w:val="PageNumber"/></w:rPr><w:instrText> PAGE </w:instrText></w:r><w:r wsp:rsidR="00995775"><w:rPr><w:rStyle w:val="PageNumber"/></w:rPr><w:fldChar w:fldCharType="separate"/></w:r><w:r><w:rPr><w:rStyle w:val="PageNumber"/></w:rPr><w:t>1</w:t></w:r><w:r wsp:rsidR="00995775"><w:rPr><w:rStyle w:val="PageNumber"/></w:rPr><w:fldChar w:fldCharType="end"/></w:r></w:p></w:hdr><w:ftr w:type="first"><w:p wsp:rsidR="00CB601B" wsp:rsidRDefault="00CB601B"><w:pPr><w:pStyle w:val="Footer"/></w:pPr></w:p></w:ftr><w:footnotePr><w:numFmt w:val="lower-letter"/><w:numRestart w:val="each-page"/></w:footnotePr><w:pgSz w:w="12242" w:h="15842" w:code="1"/><w:pgMar w:top="2648" w:right="2552" w:bottom="2478" w:left="2552" w:header="2268" w:footer="2138" w:gutter="0"/><w:cols w:sep="on" w:space="288"/><w:titlePg/><w:docGrid w:line-pitch="360"/></w:sectPr></wx:sub-section></wx:sub-section></wx:sub-section></wx:sect></w:body></w:wordDocument>