<?xml version="1.0" encoding="UTF-8" standalone="yes"?>
<?mso-application progid="Word.Document"?>
<w:wordDocument xmlns:aml="http://schemas.microsoft.com/aml/2001/core" xmlns:wpc="http://schemas.microsoft.com/office/word/2010/wordprocessingCanvas" xmlns:dt="uuid:C2F41010-65B3-11d1-A29F-00AA00C14882" xmlns:mc="http://schemas.openxmlformats.org/markup-compatibility/2006" xmlns:o="urn:schemas-microsoft-com:office:office" xmlns:v="urn:schemas-microsoft-com:vml" xmlns:w10="urn:schemas-microsoft-com:office:word" xmlns:w="http://schemas.microsoft.com/office/word/2003/wordml" xmlns:wx="http://schemas.microsoft.com/office/word/2003/auxHint" xmlns:wne="http://schemas.microsoft.com/office/word/2006/wordml" xmlns:wsp="http://schemas.microsoft.com/office/word/2003/wordml/sp2" xmlns:sl="http://schemas.microsoft.com/schemaLibrary/2003/core" xmlns:ns1="http://ebt.cx/usfx/usfx-2005-03-18.xsd" w:macrosPresent="no" w:embeddedObjPresent="no" w:ocxPresent="no" xml:space="preserve"><w:ignoreSubtree w:val="http://schemas.microsoft.com/office/word/2003/wordml/sp2"/><o:DocumentProperties><o:Title>Contents</o:Title><o:Author>Michael Paul Johnson</o:Author><o:LastAuthor>MICHAEL JOHNSON</o:LastAuthor><o:Revision>2</o:Revision><o:TotalTime>1</o:TotalTime><o:Created>2015-04-21T21:40:00Z</o:Created><o:LastSaved>2015-04-21T21:40:00Z</o:LastSaved><o:Pages>1</o:Pages><o:Words>22</o:Words><o:Characters>129</o:Characters><o:Company>SIL</o:Company><o:Lines>1</o:Lines><o:Paragraphs>1</o:Paragraphs><o:CharactersWithSpaces>150</o:CharactersWithSpaces><o:Version>15</o:Version></o:DocumentProperties><w:fonts><w:defaultFonts w:ascii="Times New Roman" w:fareast="Times New Roman" w:h-ansi="Times New Roman" w:cs="Times New Roman"/><w:font w:name="Times New Roman"><w:panose-1 w:val="02020603050405020304"/><w:charset w:val="00"/><w:family w:val="Roman"/><w:pitch w:val="variable"/><w:sig w:usb-0="E0002EFF" w:usb-1="C0007843" w:usb-2="00000009" w:usb-3="00000000" w:csb-0="000001FF" w:csb-1="00000000"/></w:font><w:font w:name="Arial"><w:panose-1 w:val="020B0604020202020204"/><w:charset w:val="00"/><w:family w:val="Swiss"/><w:pitch w:val="variable"/><w:sig w:usb-0="E0002AFF" w:usb-1="C0007843" w:usb-2="00000009" w:usb-3="00000000" w:csb-0="000001FF" w:csb-1="00000000"/></w:font><w:font w:name="Courier New"><w:panose-1 w:val="02070309020205020404"/><w:charset w:val="00"/><w:family w:val="Modern"/><w:pitch w:val="fixed"/><w:sig w:usb-0="E0002AFF" w:usb-1="C0007843" w:usb-2="00000009" w:usb-3="00000000" w:csb-0="000001FF" w:csb-1="00000000"/></w:font><w:font w:name="Symbol"><w:panose-1 w:val="05050102010706020507"/><w:charset w:val="02"/><w:family w:val="Roman"/><w:pitch w:val="variable"/><w:sig w:usb-0="00000000" w:usb-1="10000000" w:usb-2="00000000" w:usb-3="00000000" w:csb-0="80000000" w:csb-1="00000000"/></w:font><w:font w:name="SimSun"><w:altName w:val="宋体"/><w:panose-1 w:val="02010600030101010101"/><w:charset w:val="86"/><w:family w:val="auto"/><w:pitch w:val="variable"/><w:sig w:usb-0="00000003" w:usb-1="288F0000" w:usb-2="00000016" w:usb-3="00000000" w:csb-0="00040001" w:csb-1="00000000"/></w:font><w:font w:name="SimSun"><w:altName w:val="宋体"/><w:panose-1 w:val="02010600030101010101"/><w:charset w:val="86"/><w:family w:val="auto"/><w:pitch w:val="variable"/><w:sig w:usb-0="00000003" w:usb-1="288F0000" w:usb-2="00000016" w:usb-3="00000000" w:csb-0="00040001" w:csb-1="00000000"/></w:font><w:font w:name="Arial Unicode MS"><w:panose-1 w:val="020B0604020202020204"/><w:charset w:val="80"/><w:family w:val="Swiss"/><w:pitch w:val="variable"/><w:sig w:usb-0="F7FFAFFF" w:usb-1="E9DFFFFF" w:usb-2="0000003F" w:usb-3="00000000" w:csb-0="003F01FF" w:csb-1="00000000"/></w:font><w:font w:name="Liberation Sans Narrow"><w:panose-1 w:val="020B0606020202030204"/><w:charset w:val="00"/><w:family w:val="Swiss"/><w:pitch w:val="variable"/><w:sig w:usb-0="A00002AF" w:usb-1="500078FB" w:usb-2="00000000" w:usb-3="00000000" w:csb-0="0000009F" w:csb-1="00000000"/></w:font><w:font w:name="@SimSun"><w:panose-1 w:val="02010600030101010101"/><w:charset w:val="86"/><w:family w:val="auto"/><w:pitch w:val="variable"/><w:sig w:usb-0="00000003" w:usb-1="288F0000" w:usb-2="00000016" w:usb-3="00000000" w:csb-0="00040001" w:csb-1="00000000"/></w:font><w:font w:name="Arial Narrow"><w:panose-1 w:val="020B0606020202030204"/><w:charset w:val="00"/><w:family w:val="Swiss"/><w:pitch w:val="variable"/><w:sig w:usb-0="00000287" w:usb-1="00000800" w:usb-2="00000000" w:usb-3="00000000" w:csb-0="0000009F" w:csb-1="00000000"/></w:font><w:font w:name="@Arial Unicode MS"><w:panose-1 w:val="020B0604020202020204"/><w:charset w:val="80"/><w:family w:val="Swiss"/><w:pitch w:val="variable"/><w:sig w:usb-0="F7FFAFFF" w:usb-1="E9DFFFFF" w:usb-2="0000003F" w:usb-3="00000000" w:csb-0="003F01FF" w:csb-1="00000000"/></w:font><w:font w:name="Andika DesRev A"><w:charset w:val="00"/><w:family w:val="auto"/><w:pitch w:val="variable"/><w:sig w:usb-0="00000003" w:usb-1="00000000" w:usb-2="00000000" w:usb-3="00000000" w:csb-0="00000001" w:csb-1="00000000"/></w:font><w:font w:name="Doulos SIL"><w:panose-1 w:val="02000500070000020004"/><w:charset w:val="00"/><w:family w:val="auto"/><w:pitch w:val="variable"/><w:sig w:usb-0="A00002FF" w:usb-1="5200A1FF" w:usb-2="02000009" w:usb-3="00000000" w:csb-0="00000197" w:csb-1="00000000"/></w:font><w:font w:name="EBT Basic"><w:panose-1 w:val="020B0604020202020204"/><w:charset w:val="00"/><w:family w:val="Swiss"/><w:pitch w:val="variable"/><w:sig w:usb-0="A0002AFF" w:usb-1="D00078FB" w:usb-2="00000028" w:usb-3="00000000" w:csb-0="000001FF" w:csb-1="00000000"/></w:font><w:font w:name="Gentium"><w:panose-1 w:val="02000503060000020004"/><w:charset w:val="00"/><w:family w:val="auto"/><w:pitch w:val="variable"/><w:sig w:usb-0="E00000FF" w:usb-1="00000003" w:usb-2="00000000" w:usb-3="00000000" w:csb-0="0000001B" w:csb-1="00000000"/></w:font></w:fonts><w:lists><w:listDef w:listDefId="0"><w:lsid w:val="FFFFFF7C"/><w:plt w:val="SingleLevel"/><w:tmpl w:val="AEDCDA34"/><w:lvl w:ilvl="0"><w:start w:val="1"/><w:lvlText w:val="%1."/><w:lvlJc w:val="left"/><w:pPr><w:tabs><w:tab w:val="list" w:pos="1800"/></w:tabs><w:ind w:left="1800" w:hanging="360"/></w:pPr></w:lvl></w:listDef><w:listDef w:listDefId="1"><w:lsid w:val="FFFFFF7D"/><w:plt w:val="SingleLevel"/><w:tmpl w:val="787E135A"/><w:lvl w:ilvl="0"><w:start w:val="1"/><w:lvlText w:val="%1."/><w:lvlJc w:val="left"/><w:pPr><w:tabs><w:tab w:val="list" w:pos="1440"/></w:tabs><w:ind w:left="1440" w:hanging="360"/></w:pPr></w:lvl></w:listDef><w:listDef w:listDefId="2"><w:lsid w:val="FFFFFF7E"/><w:plt w:val="SingleLevel"/><w:tmpl w:val="C4348D0C"/><w:lvl w:ilvl="0"><w:start w:val="1"/><w:lvlText w:val="%1."/><w:lvlJc w:val="left"/><w:pPr><w:tabs><w:tab w:val="list" w:pos="1080"/></w:tabs><w:ind w:left="1080" w:hanging="360"/></w:pPr></w:lvl></w:listDef><w:listDef w:listDefId="3"><w:lsid w:val="FFFFFF7F"/><w:plt w:val="SingleLevel"/><w:tmpl w:val="2252FE7E"/><w:lvl w:ilvl="0"><w:start w:val="1"/><w:lvlText w:val="%1."/><w:lvlJc w:val="left"/><w:pPr><w:tabs><w:tab w:val="list" w:pos="720"/></w:tabs><w:ind w:left="720" w:hanging="360"/></w:pPr></w:lvl></w:listDef><w:listDef w:listDefId="4"><w:lsid w:val="FFFFFF80"/><w:plt w:val="SingleLevel"/><w:tmpl w:val="40DA3558"/><w:lvl w:ilvl="0"><w:start w:val="1"/><w:nfc w:val="23"/><w:lvlText w:val=""/><w:lvlJc w:val="left"/><w:pPr><w:tabs><w:tab w:val="list" w:pos="1800"/></w:tabs><w:ind w:left="1800" w:hanging="360"/></w:pPr><w:rPr><w:rFonts w:ascii="Symbol" w:h-ansi="Symbol" w:hint="default"/></w:rPr></w:lvl></w:listDef><w:listDef w:listDefId="5"><w:lsid w:val="FFFFFF81"/><w:plt w:val="SingleLevel"/><w:tmpl w:val="E75C68C8"/><w:lvl w:ilvl="0"><w:start w:val="1"/><w:nfc w:val="23"/><w:lvlText w:val=""/><w:lvlJc w:val="left"/><w:pPr><w:tabs><w:tab w:val="list" w:pos="1440"/></w:tabs><w:ind w:left="1440" w:hanging="360"/></w:pPr><w:rPr><w:rFonts w:ascii="Symbol" w:h-ansi="Symbol" w:hint="default"/></w:rPr></w:lvl></w:listDef><w:listDef w:listDefId="6"><w:lsid w:val="FFFFFF82"/><w:plt w:val="SingleLevel"/><w:tmpl w:val="E116B6C2"/><w:lvl w:ilvl="0"><w:start w:val="1"/><w:nfc w:val="23"/><w:lvlText w:val=""/><w:lvlJc w:val="left"/><w:pPr><w:tabs><w:tab w:val="list" w:pos="1080"/></w:tabs><w:ind w:left="1080" w:hanging="360"/></w:pPr><w:rPr><w:rFonts w:ascii="Symbol" w:h-ansi="Symbol" w:hint="default"/></w:rPr></w:lvl></w:listDef><w:listDef w:listDefId="7"><w:lsid w:val="FFFFFF83"/><w:plt w:val="SingleLevel"/><w:tmpl w:val="094E40F8"/><w:lvl w:ilvl="0"><w:start w:val="1"/><w:nfc w:val="23"/><w:lvlText w:val=""/><w:lvlJc w:val="left"/><w:pPr><w:tabs><w:tab w:val="list" w:pos="720"/></w:tabs><w:ind w:left="720" w:hanging="360"/></w:pPr><w:rPr><w:rFonts w:ascii="Symbol" w:h-ansi="Symbol" w:hint="default"/></w:rPr></w:lvl></w:listDef><w:listDef w:listDefId="8"><w:lsid w:val="FFFFFF88"/><w:plt w:val="SingleLevel"/><w:tmpl w:val="E626BC16"/><w:lvl w:ilvl="0"><w:start w:val="1"/><w:lvlText w:val="%1."/><w:lvlJc w:val="left"/><w:pPr><w:tabs><w:tab w:val="list" w:pos="360"/></w:tabs><w:ind w:left="360" w:hanging="360"/></w:pPr></w:lvl></w:listDef><w:listDef w:listDefId="9"><w:lsid w:val="FFFFFF89"/><w:plt w:val="SingleLevel"/><w:tmpl w:val="24589184"/><w:lvl w:ilvl="0"><w:start w:val="1"/><w:nfc w:val="23"/><w:lvlText w:val=""/><w:lvlJc w:val="left"/><w:pPr><w:tabs><w:tab w:val="list" w:pos="360"/></w:tabs><w:ind w:left="360" w:hanging="360"/></w:pPr><w:rPr><w:rFonts w:ascii="Symbol" w:h-ansi="Symbol" w:hint="default"/></w:rPr></w:lvl></w:listDef><w:listDef w:listDefId="10"><w:lsid w:val="402330F7"/><w:plt w:val="Multilevel"/><w:tmpl w:val="0409001D"/><w:lvl w:ilvl="0"><w:start w:val="1"/><w:lvlText w:val="%1)"/><w:lvlJc w:val="left"/><w:pPr><w:tabs><w:tab w:val="list" w:pos="360"/></w:tabs><w:ind w:left="360" w:hanging="360"/></w:pPr></w:lvl><w:lvl w:ilvl="1"><w:start w:val="1"/><w:nfc w:val="4"/><w:lvlText w:val="%2)"/><w:lvlJc w:val="left"/><w:pPr><w:tabs><w:tab w:val="list" w:pos="720"/></w:tabs><w:ind w:left="720" w:hanging="360"/></w:pPr></w:lvl><w:lvl w:ilvl="2"><w:start w:val="1"/><w:nfc w:val="2"/><w:lvlText w:val="%3)"/><w:lvlJc w:val="left"/><w:pPr><w:tabs><w:tab w:val="list" w:pos="1080"/></w:tabs><w:ind w:left="1080" w:hanging="360"/></w:pPr></w:lvl><w:lvl w:ilvl="3"><w:start w:val="1"/><w:lvlText w:val="(%4)"/><w:lvlJc w:val="left"/><w:pPr><w:tabs><w:tab w:val="list" w:pos="1440"/></w:tabs><w:ind w:left="1440" w:hanging="360"/></w:pPr></w:lvl><w:lvl w:ilvl="4"><w:start w:val="1"/><w:nfc w:val="4"/><w:lvlText w:val="(%5)"/><w:lvlJc w:val="left"/><w:pPr><w:tabs><w:tab w:val="list" w:pos="1800"/></w:tabs><w:ind w:left="1800" w:hanging="360"/></w:pPr></w:lvl><w:lvl w:ilvl="5"><w:start w:val="1"/><w:nfc w:val="2"/><w:lvlText w:val="(%6)"/><w:lvlJc w:val="left"/><w:pPr><w:tabs><w:tab w:val="list" w:pos="2160"/></w:tabs><w:ind w:left="2160" w:hanging="360"/></w:pPr></w:lvl><w:lvl w:ilvl="6"><w:start w:val="1"/><w:lvlText w:val="%7."/><w:lvlJc w:val="left"/><w:pPr><w:tabs><w:tab w:val="list" w:pos="2520"/></w:tabs><w:ind w:left="2520" w:hanging="360"/></w:pPr></w:lvl><w:lvl w:ilvl="7"><w:start w:val="1"/><w:nfc w:val="4"/><w:lvlText w:val="%8."/><w:lvlJc w:val="left"/><w:pPr><w:tabs><w:tab w:val="list" w:pos="2880"/></w:tabs><w:ind w:left="2880" w:hanging="360"/></w:pPr></w:lvl><w:lvl w:ilvl="8"><w:start w:val="1"/><w:nfc w:val="2"/><w:lvlText w:val="%9."/><w:lvlJc w:val="left"/><w:pPr><w:tabs><w:tab w:val="list" w:pos="3240"/></w:tabs><w:ind w:left="3240" w:hanging="360"/></w:pPr></w:lvl></w:listDef><w:listDef w:listDefId="11"><w:lsid w:val="5CFD1CA2"/><w:plt w:val="Multilevel"/><w:tmpl w:val="CF56B596"/><w:lvl w:ilvl="0"><w:start w:val="1"/><w:pStyle w:val="IntroListItem1"/><w:lvlText w:val="%1)"/><w:lvlJc w:val="left"/><w:pPr><w:tabs><w:tab w:val="list" w:pos="700"/></w:tabs><w:ind w:left="700" w:hanging="360"/></w:pPr></w:lvl><w:lvl w:ilvl="1"><w:start w:val="1"/><w:nfc w:val="4"/><w:lvlText w:val="%2)"/><w:lvlJc w:val="left"/><w:pPr><w:tabs><w:tab w:val="list" w:pos="1060"/></w:tabs><w:ind w:left="1060" w:hanging="360"/></w:pPr></w:lvl><w:lvl w:ilvl="2"><w:start w:val="1"/><w:nfc w:val="2"/><w:lvlText w:val="%3)"/><w:lvlJc w:val="left"/><w:pPr><w:tabs><w:tab w:val="list" w:pos="1420"/></w:tabs><w:ind w:left="1420" w:hanging="360"/></w:pPr></w:lvl><w:lvl w:ilvl="3"><w:start w:val="1"/><w:lvlText w:val="(%4)"/><w:lvlJc w:val="left"/><w:pPr><w:tabs><w:tab w:val="list" w:pos="1780"/></w:tabs><w:ind w:left="1780" w:hanging="360"/></w:pPr></w:lvl><w:lvl w:ilvl="4"><w:start w:val="1"/><w:nfc w:val="4"/><w:lvlText w:val="(%5)"/><w:lvlJc w:val="left"/><w:pPr><w:tabs><w:tab w:val="list" w:pos="2140"/></w:tabs><w:ind w:left="2140" w:hanging="360"/></w:pPr></w:lvl><w:lvl w:ilvl="5"><w:start w:val="1"/><w:nfc w:val="2"/><w:lvlText w:val="(%6)"/><w:lvlJc w:val="left"/><w:pPr><w:tabs><w:tab w:val="list" w:pos="2500"/></w:tabs><w:ind w:left="2500" w:hanging="360"/></w:pPr></w:lvl><w:lvl w:ilvl="6"><w:start w:val="1"/><w:lvlText w:val="%7."/><w:lvlJc w:val="left"/><w:pPr><w:tabs><w:tab w:val="list" w:pos="2860"/></w:tabs><w:ind w:left="2860" w:hanging="360"/></w:pPr></w:lvl><w:lvl w:ilvl="7"><w:start w:val="1"/><w:nfc w:val="4"/><w:lvlText w:val="%8."/><w:lvlJc w:val="left"/><w:pPr><w:tabs><w:tab w:val="list" w:pos="3220"/></w:tabs><w:ind w:left="3220" w:hanging="360"/></w:pPr></w:lvl><w:lvl w:ilvl="8"><w:start w:val="1"/><w:nfc w:val="2"/><w:lvlText w:val="%9."/><w:lvlJc w:val="left"/><w:pPr><w:tabs><w:tab w:val="list" w:pos="3580"/></w:tabs><w:ind w:left="3580" w:hanging="360"/></w:pPr></w:lvl></w:listDef><w:list w:ilfo="1"><w:ilst w:val="11"/></w:list><w:list w:ilfo="2"><w:ilst w:val="10"/></w:list><w:list w:ilfo="3"><w:ilst w:val="9"/></w:list><w:list w:ilfo="4"><w:ilst w:val="7"/></w:list><w:list w:ilfo="5"><w:ilst w:val="6"/></w:list><w:list w:ilfo="6"><w:ilst w:val="5"/></w:list><w:list w:ilfo="7"><w:ilst w:val="4"/></w:list><w:list w:ilfo="8"><w:ilst w:val="8"/></w:list><w:list w:ilfo="9"><w:ilst w:val="3"/></w:list><w:list w:ilfo="10"><w:ilst w:val="2"/></w:list><w:list w:ilfo="11"><w:ilst w:val="1"/></w:list><w:list w:ilfo="12"><w:ilst w:val="0"/></w:list></w:lists><w:styles><w:versionOfBuiltInStylenames w:val="7"/><w:latentStyles w:defLockedState="off" w:latentStyleCount="371"><w:lsdException w:name="Normal"/><w:lsdException w:name="heading 1"/><w:lsdException w:name="heading 2"/><w:lsdException w:name="heading 3"/><w:lsdException w:name="heading 4"/><w:lsdException w:name="heading 5"/><w:lsdException w:name="heading 6"/><w:lsdException w:name="heading 7"/><w:lsdException w:name="heading 8"/><w:lsdException w:name="heading 9"/><w:lsdException w:name="caption"/><w:lsdException w:name="Title"/><w:lsdException w:name="Subtitle"/><w:lsdException w:name="Strong"/><w:lsdException w:name="Emphasis"/><w:lsdException w:name="Normal Table"/><w:lsdException w:name="Table Simple 1"/><w:lsdException w:name="Table Simple 2"/><w:lsdException w:name="Table Simple 3"/><w:lsdException w:name="Table Classic 1"/><w:lsdException w:name="Table Classic 2"/><w:lsdException w:name="Table Classic 3"/><w:lsdException w:name="Table Classic 4"/><w:lsdException w:name="Table Colorful 1"/><w:lsdException w:name="Table Colorful 2"/><w:lsdException w:name="Table Colorful 3"/><w:lsdException w:name="Table Columns 1"/><w:lsdException w:name="Table Columns 2"/><w:lsdException w:name="Table Columns 3"/><w:lsdException w:name="Table Columns 4"/><w:lsdException w:name="Table Columns 5"/><w:lsdException w:name="Table Grid 1"/><w:lsdException w:name="Table Grid 2"/><w:lsdException w:name="Table Grid 3"/><w:lsdException w:name="Table Grid 4"/><w:lsdException w:name="Table Grid 5"/><w:lsdException w:name="Table Grid 6"/><w:lsdException w:name="Table Grid 7"/><w:lsdException w:name="Table Grid 8"/><w:lsdException w:name="Table List 1"/><w:lsdException w:name="Table List 2"/><w:lsdException w:name="Table List 3"/><w:lsdException w:name="Table List 4"/><w:lsdException w:name="Table List 5"/><w:lsdException w:name="Table List 6"/><w:lsdException w:name="Table List 7"/><w:lsdException w:name="Table List 8"/><w:lsdException w:name="Table 3D effects 1"/><w:lsdException w:name="Table 3D effects 2"/><w:lsdException w:name="Table 3D effects 3"/><w:lsdException w:name="Table Contemporary"/><w:lsdException w:name="Table Elegant"/><w:lsdException w:name="Table Professional"/><w:lsdException w:name="Table Subtle 1"/><w:lsdException w:name="Table Subtle 2"/><w:lsdException w:name="Table Web 1"/><w:lsdException w:name="Table Web 2"/><w:lsdException w:name="Table Web 3"/><w:lsdException w:name="Table Theme"/><w:lsdException w:name="No Spacing"/><w:lsdException w:name="Light Shading"/><w:lsdException w:name="Light List"/><w:lsdException w:name="Light Grid"/><w:lsdException w:name="Medium Shading 1"/><w:lsdException w:name="Medium Shading 2"/><w:lsdException w:name="Medium List 1"/><w:lsdException w:name="Medium List 2"/><w:lsdException w:name="Medium Grid 1"/><w:lsdException w:name="Medium Grid 2"/><w:lsdException w:name="Medium Grid 3"/><w:lsdException w:name="Dark List"/><w:lsdException w:name="Colorful Shading"/><w:lsdException w:name="Colorful List"/><w:lsdException w:name="Colorful Grid"/><w:lsdException w:name="Light Shading Accent 1"/><w:lsdException w:name="Light List Accent 1"/><w:lsdException w:name="Light Grid Accent 1"/><w:lsdException w:name="Medium Shading 1 Accent 1"/><w:lsdException w:name="Medium Shading 2 Accent 1"/><w:lsdException w:name="Medium List 1 Accent 1"/><w:lsdException w:name="List Paragraph"/><w:lsdException w:name="Quote"/><w:lsdException w:name="Intense Quote"/><w:lsdException w:name="Medium List 2 Accent 1"/><w:lsdException w:name="Medium Grid 1 Accent 1"/><w:lsdException w:name="Medium Grid 2 Accent 1"/><w:lsdException w:name="Medium Grid 3 Accent 1"/><w:lsdException w:name="Dark List Accent 1"/><w:lsdException w:name="Colorful Shading Accent 1"/><w:lsdException w:name="Colorful List Accent 1"/><w:lsdException w:name="Colorful Grid Accent 1"/><w:lsdException w:name="Light Shading Accent 2"/><w:lsdException w:name="Light List Accent 2"/><w:lsdException w:name="Light Grid Accent 2"/><w:lsdException w:name="Medium Shading 1 Accent 2"/><w:lsdException w:name="Medium Shading 2 Accent 2"/><w:lsdException w:name="Medium List 1 Accent 2"/><w:lsdException w:name="Medium List 2 Accent 2"/><w:lsdException w:name="Medium Grid 1 Accent 2"/><w:lsdException w:name="Medium Grid 2 Accent 2"/><w:lsdException w:name="Medium Grid 3 Accent 2"/><w:lsdException w:name="Dark List Accent 2"/><w:lsdException w:name="Colorful Shading Accent 2"/><w:lsdException w:name="Colorful List Accent 2"/><w:lsdException w:name="Colorful Grid Accent 2"/><w:lsdException w:name="Light Shading Accent 3"/><w:lsdException w:name="Light List Accent 3"/><w:lsdException w:name="Light Grid Accent 3"/><w:lsdException w:name="Medium Shading 1 Accent 3"/><w:lsdException w:name="Medium Shading 2 Accent 3"/><w:lsdException w:name="Medium List 1 Accent 3"/><w:lsdException w:name="Medium List 2 Accent 3"/><w:lsdException w:name="Medium Grid 1 Accent 3"/><w:lsdException w:name="Medium Grid 2 Accent 3"/><w:lsdException w:name="Medium Grid 3 Accent 3"/><w:lsdException w:name="Dark List Accent 3"/><w:lsdException w:name="Colorful Shading Accent 3"/><w:lsdException w:name="Colorful List Accent 3"/><w:lsdException w:name="Colorful Grid Accent 3"/><w:lsdException w:name="Light Shading Accent 4"/><w:lsdException w:name="Light List Accent 4"/><w:lsdException w:name="Light Grid Accent 4"/><w:lsdException w:name="Medium Shading 1 Accent 4"/><w:lsdException w:name="Medium Shading 2 Accent 4"/><w:lsdException w:name="Medium List 1 Accent 4"/><w:lsdException w:name="Medium List 2 Accent 4"/><w:lsdException w:name="Medium Grid 1 Accent 4"/><w:lsdException w:name="Medium Grid 2 Accent 4"/><w:lsdException w:name="Medium Grid 3 Accent 4"/><w:lsdException w:name="Dark List Accent 4"/><w:lsdException w:name="Colorful Shading Accent 4"/><w:lsdException w:name="Colorful List Accent 4"/><w:lsdException w:name="Colorful Grid Accent 4"/><w:lsdException w:name="Light Shading Accent 5"/><w:lsdException w:name="Light List Accent 5"/><w:lsdException w:name="Light Grid Accent 5"/><w:lsdException w:name="Medium Shading 1 Accent 5"/><w:lsdException w:name="Medium Shading 2 Accent 5"/><w:lsdException w:name="Medium List 1 Accent 5"/><w:lsdException w:name="Medium List 2 Accent 5"/><w:lsdException w:name="Medium Grid 1 Accent 5"/><w:lsdException w:name="Medium Grid 2 Accent 5"/><w:lsdException w:name="Medium Grid 3 Accent 5"/><w:lsdException w:name="Dark List Accent 5"/><w:lsdException w:name="Colorful Shading Accent 5"/><w:lsdException w:name="Colorful List Accent 5"/><w:lsdException w:name="Colorful Grid Accent 5"/><w:lsdException w:name="Light Shading Accent 6"/><w:lsdException w:name="Light List Accent 6"/><w:lsdException w:name="Light Grid Accent 6"/><w:lsdException w:name="Medium Shading 1 Accent 6"/><w:lsdException w:name="Medium Shading 2 Accent 6"/><w:lsdException w:name="Medium List 1 Accent 6"/><w:lsdException w:name="Medium List 2 Accent 6"/><w:lsdException w:name="Medium Grid 1 Accent 6"/><w:lsdException w:name="Medium Grid 2 Accent 6"/><w:lsdException w:name="Medium Grid 3 Accent 6"/><w:lsdException w:name="Dark List Accent 6"/><w:lsdException w:name="Colorful Shading Accent 6"/><w:lsdException w:name="Colorful List Accent 6"/><w:lsdException w:name="Colorful Grid Accent 6"/><w:lsdException w:name="Subtle Emphasis"/><w:lsdException w:name="Intense Emphasis"/><w:lsdException w:name="Subtle Reference"/><w:lsdException w:name="Intense Reference"/><w:lsdException w:name="Book Title"/><w:lsdException w:name="TOC Heading"/></w:latentStyles><w:style w:type="paragraph" w:default="on" w:styleId="Normal"><w:name w:val="Normal"/><w:rsid w:val="007C74C7"/><w:pPr><w:ind w:first-line="288"/></w:pPr><w:rPr><w:rFonts w:ascii="Gentium" w:fareast="Arial Unicode MS" w:h-ansi="Gentium" w:cs="Arial Unicode MS"/><wx:font wx:val="Gentium"/><w:noProof/><w:sz w:val="16"/><w:sz-cs w:val="24"/><w:lang w:val="EN-US" w:fareast="EN-US" w:bidi="AR-SA"/></w:rPr></w:style><w:style w:type="paragraph" w:styleId="Heading1"><w:name w:val="heading 1"/><wx:uiName wx:val="Heading 1"/><w:basedOn w:val="Normal"/><w:next w:val="Normal"/><w:rsid w:val="00067A72"/><w:pPr><w:keepNext/><w:spacing w:before="240" w:after="60"/><w:outlineLvl w:val="0"/></w:pPr><w:rPr><w:rFonts w:cs="Arial"/><wx:font wx:val="Gentium"/><w:b/><w:b-cs/><w:kern w:val="32"/><w:sz w:val="32"/><w:sz-cs w:val="32"/></w:rPr></w:style><w:style w:type="paragraph" w:styleId="Heading2"><w:name w:val="heading 2"/><wx:uiName wx:val="Heading 2"/><w:basedOn w:val="Normal"/><w:next w:val="Normal"/><w:rsid w:val="00067A72"/><w:pPr><w:keepNext/><w:spacing w:before="240" w:after="60"/><w:outlineLvl w:val="1"/></w:pPr><w:rPr><w:rFonts w:cs="Arial"/><wx:font wx:val="Gentium"/><w:b/><w:b-cs/><w:i/><w:i-cs/><w:sz w:val="28"/><w:sz-cs w:val="28"/></w:rPr></w:style><w:style w:type="paragraph" w:styleId="Heading3"><w:name w:val="heading 3"/><wx:uiName wx:val="Heading 3"/><w:basedOn w:val="Normal"/><w:next w:val="Normal"/><w:rsid w:val="00067A72"/><w:pPr><w:keepNext/><w:spacing w:before="240" w:after="60"/><w:outlineLvl w:val="2"/></w:pPr><w:rPr><w:rFonts w:cs="Arial"/><wx:font wx:val="Gentium"/><w:b/><w:b-cs/><w:sz w:val="26"/><w:sz-cs w:val="26"/></w:rPr></w:style><w:style w:type="character" w:default="on" w:styleId="DefaultParagraphFont"><w:name w:val="Default Paragraph Font"/></w:style><w:style w:type="table" w:default="on" w:styleId="TableNormal"><w:name w:val="Normal Table"/><wx:uiName wx:val="Table Normal"/><w:rPr><wx:font wx:val="Times New Roman"/><w:lang w:val="EN-US" w:fareast="EN-US" w:bidi="AR-SA"/></w:rPr><w:tblPr><w:tblInd w:w="0" w:type="dxa"/><w:tblCellMar><w:top w:w="0" w:type="dxa"/><w:left w:w="108" w:type="dxa"/><w:bottom w:w="0" w:type="dxa"/><w:right w:w="108" w:type="dxa"/></w:tblCellMar></w:tblPr></w:style><w:style w:type="list" w:default="on" w:styleId="NoList"><w:name w:val="No List"/></w:style><w:style w:type="paragraph" w:styleId="TitleMain1"><w:name w:val="Title Main 1"/><w:basedOn w:val="TitleBase"/><w:next w:val="Normal"/><w:rsid w:val="00067A72"/><w:pPr><w:keepNext/><w:keepLines/><w:outlineLvl w:val="0"/></w:pPr><w:rPr><wx:font wx:val="Liberation Sans Narrow"/><w:sz w:val="36"/></w:rPr></w:style><w:style w:type="paragraph" w:styleId="IntroTitle1"><w:name w:val="Intro Title 1"/><w:basedOn w:val="TitleBase"/><w:next w:val="IntroParagraph"/><w:rsid w:val="00067A72"/><w:pPr><w:keepNext/><w:keepLines/><w:spacing w:before="240" w:after="120"/><w:ind w:left="562" w:right="562"/><w:outlineLvl w:val="1"/></w:pPr><w:rPr><wx:font wx:val="Liberation Sans Narrow"/></w:rPr></w:style><w:style w:type="paragraph" w:styleId="Introductionnormal"><w:name w:val="Introduction normal"/><w:basedOn w:val="Normal"/><w:rsid w:val="00067A72"/><w:rPr><w:rFonts w:ascii="Arial Unicode MS" w:h-ansi="Arial Unicode MS"/><wx:font wx:val="Arial Unicode MS"/></w:rPr></w:style><w:style w:type="paragraph" w:styleId="TitleMain2"><w:name w:val="Title Main 2"/><w:basedOn w:val="TitleMain1"/><w:rsid w:val="00067A72"/><w:rPr><wx:font wx:val="Liberation Sans Narrow"/><w:sz w:val="24"/></w:rPr></w:style><w:style w:type="paragraph" w:styleId="TitleMain3"><w:name w:val="Title Main 3"/><w:basedOn w:val="TitleMain2"/><w:rsid w:val="00067A72"/><w:rPr><wx:font wx:val="Liberation Sans Narrow"/><w:sz w:val="20"/></w:rPr></w:style><w:style w:type="paragraph" w:styleId="IntroTitle2"><w:name w:val="Intro Title 2"/><w:basedOn w:val="IntroTitle1"/><w:rsid w:val="00067A72"/><w:pPr><w:outlineLvl w:val="2"/></w:pPr><w:rPr><wx:font wx:val="Liberation Sans Narrow"/><w:sz w:val="16"/></w:rPr></w:style><w:style w:type="paragraph" w:styleId="IntroTitle3"><w:name w:val="Intro Title 3"/><w:basedOn w:val="IntroTitle2"/><w:rsid w:val="00067A72"/><w:pPr><w:outlineLvl w:val="3"/></w:pPr><w:rPr><wx:font wx:val="Liberation Sans Narrow"/></w:rPr></w:style><w:style w:type="paragraph" w:styleId="IntroParagraphContinuation"><w:name w:val="Intro Paragraph Continuation"/><w:basedOn w:val="Introductionnormal"/><w:rsid w:val="00067A72"/><w:pPr><w:ind w:first-line="0"/></w:pPr><w:rPr><wx:font wx:val="Arial Unicode MS"/></w:rPr></w:style><w:style w:type="paragraph" w:styleId="Introductionblockquote"><w:name w:val="Introduction block quote"/><w:basedOn w:val="IntroParagraphContinuation"/><w:rsid w:val="00067A72"/><w:pPr><w:ind w:left="567" w:right="567"/><w:jc w:val="center"/></w:pPr><w:rPr><wx:font wx:val="Arial Unicode MS"/></w:rPr></w:style><w:style w:type="paragraph" w:styleId="Introductionquote"><w:name w:val="Introduction quote"/><w:basedOn w:val="Introductionblockquote"/><w:rsid w:val="00067A72"/><w:rPr><w:rFonts w:ascii="Doulos SIL" w:h-ansi="Doulos SIL"/><wx:font wx:val="Doulos SIL"/></w:rPr></w:style><w:style w:type="paragraph" w:styleId="IntroSectionHead2"><w:name w:val="Intro Section Head 2"/><w:basedOn w:val="IntroSectionHead1"/><w:rsid w:val="00067A72"/><w:rPr><wx:font wx:val="Liberation Sans Narrow"/><w:b w:val="off"/></w:rPr></w:style><w:style w:type="paragraph" w:styleId="StanzaBreak"><w:name w:val="Stanza Break"/><w:basedOn w:val="Introductionnormal"/><w:rsid w:val="00067A72"/><w:rPr><wx:font wx:val="Arial Unicode MS"/></w:rPr></w:style><w:style w:type="paragraph" w:styleId="Introductionexplanatorytext"><w:name w:val="Introduction explanatory text"/><w:basedOn w:val="Introductionnormal"/><w:rsid w:val="00067A72"/><w:rPr><wx:font wx:val="Arial Unicode MS"/></w:rPr></w:style><w:style w:type="paragraph" w:styleId="Introductionpoetry1"><w:name w:val="Introduction poetry 1"/><w:basedOn w:val="IntroParagraphContinuation"/><w:rsid w:val="00067A72"/><w:pPr><w:ind w:left="680" w:hanging="680"/></w:pPr><w:rPr><wx:font wx:val="Arial Unicode MS"/></w:rPr></w:style><w:style w:type="paragraph" w:styleId="Introductionpoetry2"><w:name w:val="Introduction poetry 2"/><w:basedOn w:val="Introductionpoetry1"/><w:rsid w:val="00067A72"/><w:pPr><w:ind w:left="1020"/></w:pPr><w:rPr><wx:font wx:val="Arial Unicode MS"/></w:rPr></w:style><w:style w:type="paragraph" w:styleId="Introductionpoetry3"><w:name w:val="Introduction poetry 3"/><w:basedOn w:val="Introductionpoetry2"/><w:rsid w:val="00067A72"/><w:pPr><w:ind w:left="680" w:first-line="0"/></w:pPr><w:rPr><wx:font wx:val="Arial Unicode MS"/></w:rPr></w:style><w:style w:type="paragraph" w:styleId="IntroSectionHead1"><w:name w:val="Intro Section Head 1"/><w:basedOn w:val="IntroTitle2"/><w:rsid w:val="00067A72"/><w:rPr><wx:font wx:val="Liberation Sans Narrow"/><w:lang w:val="EN-AU"/></w:rPr></w:style><w:style w:type="paragraph" w:styleId="IntroListItem1"><w:name w:val="Intro List Item 1"/><w:basedOn w:val="Introductionnormal"/><w:rsid w:val="00067A72"/><w:pPr><w:listPr><w:ilfo w:val="1"/></w:listPr><w:ind w:left="706"/><w:outlineLvl w:val="0"/></w:pPr><w:rPr><wx:font wx:val="Arial Unicode MS"/><w:lang w:val="EN-AU"/></w:rPr></w:style><w:style w:type="paragraph" w:styleId="IntroListItem2"><w:name w:val="Intro List Item 2"/><w:basedOn w:val="IntroListItem1"/><w:rsid w:val="00067A72"/><w:pPr><w:outlineLvl w:val="1"/></w:pPr><w:rPr><wx:font wx:val="Arial Unicode MS"/></w:rPr></w:style><w:style w:type="paragraph" w:styleId="IntroListItem3"><w:name w:val="Intro List Item 3"/><w:basedOn w:val="IntroListItem1"/><w:rsid w:val="00067A72"/><w:pPr><w:outlineLvl w:val="2"/></w:pPr><w:rPr><wx:font wx:val="Arial Unicode MS"/></w:rPr></w:style><w:style w:type="paragraph" w:styleId="IntroListItem4"><w:name w:val="Intro List Item 4"/><w:basedOn w:val="IntroListItem1"/><w:rsid w:val="00067A72"/><w:pPr><w:outlineLvl w:val="3"/></w:pPr><w:rPr><wx:font wx:val="Arial Unicode MS"/></w:rPr></w:style><w:style w:type="paragraph" w:styleId="IntroListItem5"><w:name w:val="Intro List Item 5"/><w:basedOn w:val="IntroListItem1"/><w:rsid w:val="00067A72"/><w:pPr><w:outlineLvl w:val="4"/></w:pPr><w:rPr><wx:font wx:val="Arial Unicode MS"/></w:rPr></w:style><w:style w:type="character" w:styleId="CanonicalReference"><w:name w:val="Canonical Reference"/><w:rsid w:val="00067A72"/><w:rPr><w:i/></w:rPr></w:style><w:style w:type="paragraph" w:styleId="Introductionend"><w:name w:val="Introduction end"/><w:basedOn w:val="Introductionnormal"/><w:rsid w:val="00067A72"/><w:pPr><w:pageBreakBefore/><w:widowControl w:val="off"/></w:pPr><w:rPr><wx:font wx:val="Arial Unicode MS"/></w:rPr></w:style><w:style w:type="paragraph" w:styleId="SectionHeadMajor1"><w:name w:val="Section Head Major 1"/><w:basedOn w:val="TitleBase"/><w:link w:val="SectionHeadMajor1CharChar"/><w:rsid w:val="00067A72"/><w:pPr><w:keepNext/><w:keepLines/><w:outlineLvl w:val="0"/></w:pPr><w:rPr><wx:font wx:val="Liberation Sans Narrow"/><w:b w:val="off"/></w:rPr></w:style><w:style w:type="paragraph" w:styleId="SectionHeadMajor2"><w:name w:val="Section Head Major 2"/><w:basedOn w:val="SectionHeadMajor1"/><w:rsid w:val="00067A72"/><w:pPr><w:spacing w:before="120"/><w:outlineLvl w:val="1"/></w:pPr><w:rPr><wx:font wx:val="Liberation Sans Narrow"/><w:b/><w:sz w:val="20"/></w:rPr></w:style><w:style w:type="paragraph" w:styleId="SectionHeadMajor3"><w:name w:val="Section Head Major 3"/><w:basedOn w:val="SectionHeadMajor2"/><w:rsid w:val="00067A72"/><w:pPr><w:outlineLvl w:val="2"/></w:pPr><w:rPr><wx:font wx:val="Liberation Sans Narrow"/><w:b w:val="off"/><w:sz w:val="16"/></w:rPr></w:style><w:style w:type="paragraph" w:styleId="SectionRange"><w:name w:val="Section Range"/><w:basedOn w:val="SectionHeadMajor3"/><w:rsid w:val="00067A72"/><w:rPr><wx:font wx:val="Liberation Sans Narrow"/><w:i/></w:rPr></w:style><w:style w:type="paragraph" w:styleId="SectionHead1"><w:name w:val="Section Head 1"/><w:basedOn w:val="SectionHeadMajor1"/><w:link w:val="SectionHead1CharChar"/><w:rsid w:val="00067A72"/><w:rPr><wx:font wx:val="Liberation Sans Narrow"/><w:b/></w:rPr></w:style><w:style w:type="paragraph" w:styleId="SectionHead2"><w:name w:val="Section Head 2"/><w:basedOn w:val="SectionHeadMajor2"/><w:rsid w:val="00067A72"/><w:rPr><wx:font wx:val="Liberation Sans Narrow"/></w:rPr></w:style><w:style w:type="paragraph" w:styleId="SectionHead3"><w:name w:val="Section Head 3"/><w:basedOn w:val="SectionHeadMajor3"/><w:rsid w:val="00067A72"/><w:rPr><wx:font wx:val="Liberation Sans Narrow"/></w:rPr></w:style><w:style w:type="paragraph" w:styleId="ParallelPassageReference"><w:name w:val="Parallel Passage Reference"/><w:basedOn w:val="TitleBase"/><w:rsid w:val="00067A72"/><w:pPr><w:keepNext/></w:pPr><w:rPr><wx:font wx:val="Liberation Sans Narrow"/><w:b w:val="off"/><w:sz w:val="16"/></w:rPr></w:style><w:style w:type="paragraph" w:styleId="HebrewTitle"><w:name w:val="Hebrew Title"/><w:basedOn w:val="Normal"/><w:rsid w:val="00067A72"/><w:pPr><w:keepNext/><w:ind w:first-line="0"/></w:pPr><w:rPr><wx:font wx:val="Gentium"/></w:rPr></w:style><w:style w:type="paragraph" w:styleId="SpeechSpeaker"><w:name w:val="Speech Speaker"/><w:basedOn w:val="Normal"/><w:rsid w:val="00067A72"/><w:pPr><w:spacing w:before="120" w:after="120"/><w:ind w:first-line="0"/></w:pPr><w:rPr><wx:font wx:val="Gentium"/><w:i/></w:rPr></w:style><w:style w:type="paragraph" w:styleId="Chapterdescription"><w:name w:val="Chapter description"/><w:basedOn w:val="Introductionnormal"/><w:rsid w:val="00067A72"/><w:rPr><wx:font wx:val="Arial Unicode MS"/></w:rPr></w:style><w:style w:type="paragraph" w:styleId="LetterParagraph1"><w:name w:val="Letter Paragraph 1"/><w:basedOn w:val="Normal"/><w:rsid w:val="00067A72"/><w:pPr><w:ind w:left="288" w:right="288"/></w:pPr><w:rPr><wx:font wx:val="Gentium"/></w:rPr></w:style><w:style w:type="paragraph" w:styleId="HangingIndent1"><w:name w:val="Hanging Indent 1"/><w:basedOn w:val="LetterParagraph1"/><w:rsid w:val="00067A72"/><w:pPr><w:ind w:right="0" w:hanging="288"/></w:pPr><w:rPr><wx:font wx:val="Gentium"/></w:rPr></w:style><w:style w:type="paragraph" w:styleId="Indentedhangingindent"><w:name w:val="Indented hanging indent"/><w:basedOn w:val="HangingIndent1"/><w:rsid w:val="00067A72"/><w:pPr><w:ind w:left="576" w:right="288"/></w:pPr><w:rPr><wx:font wx:val="Gentium"/></w:rPr></w:style><w:style w:type="paragraph" w:styleId="InscriptionParagraph"><w:name w:val="Inscription Paragraph"/><w:basedOn w:val="Normal"/><w:rsid w:val="00067A72"/><w:pPr><w:ind w:first-line="0"/><w:jc w:val="center"/></w:pPr><w:rPr><wx:font wx:val="Gentium"/></w:rPr></w:style><w:style w:type="paragraph" w:styleId="ParagraphContinuation"><w:name w:val="Paragraph Continuation"/><w:basedOn w:val="Normal"/><w:rsid w:val="00067A72"/><w:pPr><w:ind w:first-line="0"/></w:pPr><w:rPr><wx:font wx:val="Gentium"/></w:rPr></w:style><w:style w:type="paragraph" w:styleId="LetterGreeting"><w:name w:val="Letter Greeting"/><w:basedOn w:val="LetterParagraph1"/><w:rsid w:val="00067A72"/><w:pPr><w:ind w:first-line="0"/></w:pPr><w:rPr><wx:font wx:val="Gentium"/></w:rPr></w:style><w:style w:type="paragraph" w:styleId="ListItem1"><w:name w:val="List Item 1"/><w:basedOn w:val="ParagraphContinuation"/><w:rsid w:val="00067A72"/><w:rPr><wx:font wx:val="Gentium"/></w:rPr></w:style><w:style w:type="paragraph" w:styleId="ListItem2"><w:name w:val="List Item 2"/><w:basedOn w:val="ListItem1"/><w:rsid w:val="00067A72"/><w:pPr><w:ind w:left="144"/></w:pPr><w:rPr><wx:font wx:val="Gentium"/></w:rPr></w:style><w:style w:type="paragraph" w:styleId="ListItem3"><w:name w:val="List Item 3"/><w:basedOn w:val="ListItem2"/><w:rsid w:val="00067A72"/><w:pPr><w:ind w:left="288"/></w:pPr><w:rPr><wx:font wx:val="Gentium"/></w:rPr></w:style><w:style w:type="paragraph" w:styleId="Poetryline1"><w:name w:val="Poetry line 1"/><w:basedOn w:val="Normal"/><w:rsid w:val="00067A72"/><w:pPr><w:ind w:left="720" w:hanging="720"/></w:pPr><w:rPr><wx:font wx:val="Gentium"/></w:rPr></w:style><w:style w:type="paragraph" w:styleId="Poetryline2"><w:name w:val="Poetry line 2"/><w:basedOn w:val="Poetryline1"/><w:rsid w:val="00067A72"/><w:pPr><w:ind w:hanging="432"/></w:pPr><w:rPr><wx:font wx:val="Gentium"/></w:rPr></w:style><w:style w:type="paragraph" w:styleId="Poetryline3"><w:name w:val="Poetry line 3"/><w:basedOn w:val="Poetryline2"/><w:rsid w:val="00067A72"/><w:pPr><w:ind w:hanging="144"/></w:pPr><w:rPr><wx:font wx:val="Gentium"/></w:rPr></w:style><w:style w:type="paragraph" w:styleId="Refrain"><w:name w:val="Refrain"/><w:basedOn w:val="Poetryline1"/><w:rsid w:val="00067A72"/><w:pPr><w:ind w:first-line="0"/><w:jc w:val="right"/></w:pPr><w:rPr><wx:font wx:val="Gentium"/></w:rPr></w:style><w:style w:type="paragraph" w:styleId="Doxology"><w:name w:val="Doxology"/><w:basedOn w:val="Poetryline1"/><w:rsid w:val="00067A72"/><w:pPr><w:ind w:left="288" w:right="288" w:first-line="0"/><w:jc w:val="center"/></w:pPr><w:rPr><wx:font wx:val="Gentium"/></w:rPr></w:style><w:style w:type="character" w:styleId="Interlude"><w:name w:val="Interlude"/><w:rsid w:val="00067A72"/></w:style><w:style w:type="paragraph" w:styleId="Acrosticheading"><w:name w:val="Acrostic heading"/><w:basedOn w:val="Doxology"/><w:rsid w:val="00067A72"/><w:pPr><w:keepNext/><w:spacing w:before="120"/></w:pPr><w:rPr><w:rFonts w:ascii="Arial Unicode MS" w:h-ansi="Arial Unicode MS"/><wx:font wx:val="Arial Unicode MS"/><w:b/><w:b-cs/></w:rPr></w:style><w:style w:type="character" w:styleId="Acrosticletter"><w:name w:val="Acrostic letter"/><w:rsid w:val="00067A72"/><w:rPr><w:rFonts w:ascii="Arial Unicode MS" w:fareast="Arial Unicode MS" w:h-ansi="Arial Unicode MS" w:cs="Arial Unicode MS"/><w:b/><w:b-cs/></w:rPr></w:style><w:style w:type="paragraph" w:styleId="Blankline"><w:name w:val="Blank line"/><w:basedOn w:val="ParagraphContinuation"/><w:rsid w:val="00067A72"/><w:rPr><wx:font wx:val="Gentium"/><w:sz w:val="10"/></w:rPr></w:style><w:style w:type="character" w:styleId="TableCellHead"><w:name w:val="Table Cell Head"/><w:rsid w:val="00067A72"/><w:rPr><w:b/><w:lang w:val="EN-AU"/></w:rPr></w:style><w:style w:type="character" w:styleId="Footnote"><w:name w:val="Footnote"/><w:rsid w:val="007C74C7"/><w:rPr><w:rFonts w:ascii="Liberation Sans Narrow" w:h-ansi="Liberation Sans Narrow"/><w:sz w:val="14"/></w:rPr></w:style><w:style w:type="character" w:styleId="NoteTargetReference"><w:name w:val="Note Target Reference"/><w:rsid w:val="00067A72"/><w:rPr><w:rFonts w:ascii="Gentium" w:h-ansi="Gentium"/><w:i/><w:sz w:val="16"/></w:rPr></w:style><w:style w:type="character" w:styleId="AlternateReading"><w:name w:val="Alternate Reading"/><w:rsid w:val="00067A72"/><w:rPr><w:rFonts w:ascii="Gentium" w:h-ansi="Gentium"/><w:sz w:val="16"/></w:rPr></w:style><w:style w:type="character" w:styleId="VerseNumberInNote"><w:name w:val="Verse Number In Note"/><w:rsid w:val="00067A72"/><w:rPr><w:rFonts w:ascii="Arial Unicode MS" w:h-ansi="Arial Unicode MS"/><w:b/><w:sz w:val="16"/><w:vertAlign w:val="superscript"/></w:rPr></w:style><w:style w:type="character" w:styleId="FootnoteDeuterocanon"><w:name w:val="Footnote Deuterocanon"/><w:rsid w:val="00067A72"/><w:rPr><w:rFonts w:ascii="Arial Unicode MS" w:h-ansi="Arial Unicode MS"/><w:sz w:val="12"/></w:rPr></w:style><w:style w:type="character" w:styleId="Footnotemarker"><w:name w:val="Footnote marker"/><w:rsid w:val="00067A72"/><w:rPr><w:b/><w:vertAlign w:val="superscript"/></w:rPr></w:style><w:style w:type="character" w:styleId="Crossreferenceorigin"><w:name w:val="Crossreference origin"/><w:rsid w:val="00067A72"/><w:rPr><w:rFonts w:ascii="Arial Unicode MS" w:h-ansi="Arial Unicode MS"/><w:sz w:val="12"/></w:rPr></w:style><w:style w:type="character" w:styleId="Crossreferencekeywords"><w:name w:val="Crossreference keywords"/><w:rsid w:val="00067A72"/><w:rPr><w:rFonts w:ascii="Arial Unicode MS" w:h-ansi="Arial Unicode MS"/><w:b/><w:sz w:val="12"/></w:rPr></w:style><w:style w:type="character" w:styleId="CrossreferenceScripturequote"><w:name w:val="Crossreference Scripture quote"/><w:rsid w:val="00067A72"/><w:rPr><w:rFonts w:ascii="Gentium" w:h-ansi="Gentium"/><w:i/><w:sz w:val="12"/></w:rPr></w:style><w:style w:type="character" w:styleId="CrossreferenceDeuterocanon"><w:name w:val="Crossreference Deuterocanon"/><w:rsid w:val="00067A72"/><w:rPr><w:rFonts w:ascii="Arial Unicode MS" w:h-ansi="Arial Unicode MS"/><w:sz w:val="12"/></w:rPr></w:style><w:style w:type="character" w:styleId="Studynote"><w:name w:val="Study note"/><w:rsid w:val="00067A72"/><w:rPr><w:rFonts w:ascii="Arial Unicode MS" w:h-ansi="Arial Unicode MS"/><w:sz w:val="12"/></w:rPr></w:style><w:style w:type="character" w:styleId="Studynotereference"><w:name w:val="Study note reference"/><w:rsid w:val="00067A72"/><w:rPr><w:rFonts w:ascii="Arial Unicode MS" w:h-ansi="Arial Unicode MS"/><w:i/><w:sz w:val="12"/></w:rPr></w:style><w:style w:type="character" w:styleId="ReferencedText"><w:name w:val="Referenced Text"/><w:rsid w:val="00067A72"/><w:rPr><w:rFonts w:ascii="Gentium" w:h-ansi="Gentium"/><w:b/><w:sz w:val="16"/></w:rPr></w:style><w:style w:type="character" w:styleId="Studynotekeywords"><w:name w:val="Study note keywords"/><w:rsid w:val="00067A72"/><w:rPr><w:rFonts w:ascii="Arial Unicode MS" w:h-ansi="Arial Unicode MS"/><w:b/><w:sz w:val="12"/></w:rPr></w:style><w:style w:type="character" w:styleId="Studynoteversenumber"><w:name w:val="Study note verse number"/><w:rsid w:val="00067A72"/><w:rPr><w:rFonts w:ascii="Arial Unicode MS" w:h-ansi="Arial Unicode MS"/><w:b/><w:sz w:val="12"/><w:vertAlign w:val="superscript"/></w:rPr></w:style><w:style w:type="character" w:styleId="StudynoteDeuterocanon"><w:name w:val="Study note Deuterocanon"/><w:rsid w:val="00067A72"/><w:rPr><w:rFonts w:ascii="Arial Unicode MS" w:h-ansi="Arial Unicode MS"/><w:sz w:val="12"/></w:rPr></w:style><w:style w:type="character" w:styleId="SectionHeadMajor1CharChar"><w:name w:val="Section Head Major 1 Char Char"/><w:link w:val="SectionHeadMajor1"/><w:rsid w:val="00067A72"/><w:rPr><w:rFonts w:ascii="EBT Basic" w:fareast="Arial Unicode MS" w:h-ansi="EBT Basic" w:cs="Arial Unicode MS"/><w:noProof/><w:sz w:val="18"/><w:sz-cs w:val="24"/><w:lang w:val="EN-US" w:fareast="EN-US" w:bidi="AR-SA"/></w:rPr></w:style><w:style w:type="character" w:styleId="SectionHead1CharChar"><w:name w:val="Section Head 1 Char Char"/><w:link w:val="SectionHead1"/><w:rsid w:val="00067A72"/><w:rPr><w:rFonts w:ascii="EBT Basic" w:fareast="Arial Unicode MS" w:h-ansi="EBT Basic" w:cs="Arial Unicode MS"/><w:b/><w:noProof/><w:sz w:val="18"/><w:sz-cs w:val="24"/><w:lang w:val="EN-US" w:fareast="EN-US" w:bidi="AR-SA"/></w:rPr></w:style><w:style w:type="paragraph" w:styleId="Sidebartitle1"><w:name w:val="Sidebar title 1"/><w:basedOn w:val="SectionHeadMajor1"/><w:rsid w:val="00067A72"/><w:rPr><wx:font wx:val="Liberation Sans Narrow"/><w:b/><w:sz w:val="20"/></w:rPr></w:style><w:style w:type="paragraph" w:styleId="Sidebartitle2"><w:name w:val="Sidebar title 2"/><w:basedOn w:val="SectionHeadMajor2"/><w:rsid w:val="00067A72"/><w:rPr><wx:font wx:val="Liberation Sans Narrow"/></w:rPr></w:style><w:style w:type="paragraph" w:styleId="Sidebartitle3"><w:name w:val="Sidebar title 3"/><w:basedOn w:val="SectionHeadMajor3"/><w:rsid w:val="00067A72"/><w:rPr><wx:font wx:val="Liberation Sans Narrow"/></w:rPr></w:style><w:style w:type="paragraph" w:styleId="Sidebarparagraph"><w:name w:val="Sidebar paragraph"/><w:basedOn w:val="Introductionnormal"/><w:rsid w:val="00067A72"/><w:rPr><wx:font wx:val="Arial Unicode MS"/></w:rPr></w:style><w:style w:type="paragraph" w:styleId="Sidebarpoetry1"><w:name w:val="Sidebar poetry 1"/><w:basedOn w:val="Poetryline1"/><w:rsid w:val="00067A72"/><w:rPr><w:rFonts w:ascii="Arial Unicode MS" w:h-ansi="Arial Unicode MS"/><wx:font wx:val="Arial Unicode MS"/></w:rPr></w:style><w:style w:type="paragraph" w:styleId="Sidebarpoetry2"><w:name w:val="Sidebar poetry 2"/><w:basedOn w:val="Poetryline2"/><w:rsid w:val="00067A72"/><w:rPr><w:rFonts w:ascii="Arial Unicode MS" w:h-ansi="Arial Unicode MS"/><wx:font wx:val="Arial Unicode MS"/></w:rPr></w:style><w:style w:type="paragraph" w:styleId="Sidebarpoetry3"><w:name w:val="Sidebar poetry 3"/><w:basedOn w:val="Poetryline3"/><w:rsid w:val="00067A72"/><w:rPr><w:rFonts w:ascii="Arial Unicode MS" w:h-ansi="Arial Unicode MS"/><wx:font wx:val="Arial Unicode MS"/></w:rPr></w:style><w:style w:type="paragraph" w:styleId="Sidebarleft"><w:name w:val="Sidebar left"/><w:basedOn w:val="IntroParagraphContinuation"/><w:rsid w:val="00067A72"/><w:rPr><wx:font wx:val="Arial Unicode MS"/></w:rPr></w:style><w:style w:type="paragraph" w:styleId="BridgeTitle1"><w:name w:val="Bridge Title 1"/><w:basedOn w:val="IntroTitle1"/><w:rsid w:val="00067A72"/><w:rPr><wx:font wx:val="Liberation Sans Narrow"/></w:rPr></w:style><w:style w:type="paragraph" w:styleId="BridgeTitle2"><w:name w:val="Bridge Title 2"/><w:basedOn w:val="IntroTitle2"/><w:rsid w:val="00067A72"/><w:rPr><wx:font wx:val="Liberation Sans Narrow"/></w:rPr></w:style><w:style w:type="paragraph" w:styleId="BridgeTitle3"><w:name w:val="Bridge Title 3"/><w:basedOn w:val="IntroTitle3"/><w:rsid w:val="00067A72"/><w:rPr><wx:font wx:val="Liberation Sans Narrow"/></w:rPr></w:style><w:style w:type="paragraph" w:styleId="Bridgeparagraph"><w:name w:val="Bridge paragraph"/><w:basedOn w:val="Introductionnormal"/><w:rsid w:val="00067A72"/><w:rPr><wx:font wx:val="Arial Unicode MS"/></w:rPr></w:style><w:style w:type="paragraph" w:styleId="Bridgepoetry1"><w:name w:val="Bridge poetry 1"/><w:basedOn w:val="Introductionpoetry1"/><w:rsid w:val="00067A72"/><w:rPr><wx:font wx:val="Arial Unicode MS"/></w:rPr></w:style><w:style w:type="paragraph" w:styleId="Bridgepoetry2"><w:name w:val="Bridge poetry 2"/><w:basedOn w:val="Introductionpoetry2"/><w:rsid w:val="00067A72"/><w:rPr><wx:font wx:val="Arial Unicode MS"/></w:rPr></w:style><w:style w:type="paragraph" w:styleId="Bridgepoetry3"><w:name w:val="Bridge poetry 3"/><w:basedOn w:val="Introductionpoetry3"/><w:rsid w:val="00067A72"/><w:rPr><wx:font wx:val="Arial Unicode MS"/></w:rPr></w:style><w:style w:type="paragraph" w:styleId="Bridgeleft"><w:name w:val="Bridge left"/><w:basedOn w:val="IntroParagraphContinuation"/><w:rsid w:val="00067A72"/><w:rPr><wx:font wx:val="Arial Unicode MS"/></w:rPr></w:style><w:style w:type="character" w:styleId="QuotedText"><w:name w:val="Quoted Text"/><w:rsid w:val="00067A72"/><w:rPr><w:i/><w:color w:val="auto"/></w:rPr></w:style><w:style w:type="character" w:styleId="NameofGod"><w:name w:val="Name of God"/><w:rsid w:val="00067A72"/><w:rPr><w:smallCaps/></w:rPr></w:style><w:style w:type="character" w:styleId="Foreign"><w:name w:val="Foreign"/><w:rsid w:val="00067A72"/></w:style><w:style w:type="character" w:styleId="Deuterocanon"><w:name w:val="Deuterocanon"/><w:rsid w:val="00067A72"/></w:style><w:style w:type="character" w:styleId="BookTitleInText"><w:name w:val="Book Title In Text"/><w:rsid w:val="00067A72"/><w:rPr><w:i/></w:rPr></w:style><w:style w:type="character" w:styleId="Propername"><w:name w:val="Proper name"/><w:rsid w:val="00067A72"/></w:style><w:style w:type="character" w:styleId="KeyWord"><w:name w:val="Key Word"/><w:rsid w:val="00067A72"/><w:rPr><w:b/></w:rPr></w:style><w:style w:type="character" w:styleId="Supplied"><w:name w:val="Supplied"/><w:rsid w:val="00067A72"/><w:rPr><w:i/></w:rPr></w:style><w:style w:type="character" w:styleId="Hand"><w:name w:val="Hand"/><w:basedOn w:val="DefaultParagraphFont"/><w:rsid w:val="00067A72"/></w:style><w:style w:type="paragraph" w:styleId="Greeting"><w:name w:val="Greeting"/><w:basedOn w:val="Normal"/><w:rsid w:val="00067A72"/><w:rPr><wx:font wx:val="Gentium"/></w:rPr></w:style><w:style w:type="paragraph" w:styleId="CongregationalResponse"><w:name w:val="Congregational Response"/><w:basedOn w:val="Normal"/><w:rsid w:val="00067A72"/><w:pPr><w:jc w:val="right"/></w:pPr><w:rPr><w:rFonts w:ascii="Arial Unicode MS" w:h-ansi="Arial Unicode MS"/><wx:font wx:val="Arial Unicode MS"/><w:i/></w:rPr></w:style><w:style w:type="character" w:styleId="Bold"><w:name w:val="Bold"/><w:rsid w:val="00067A72"/><w:rPr><w:b/></w:rPr></w:style><w:style w:type="paragraph" w:styleId="ListItem4"><w:name w:val="List Item 4"/><w:basedOn w:val="ListItem3"/><w:rsid w:val="00067A72"/><w:pPr><w:ind w:left="397"/></w:pPr><w:rPr><wx:font wx:val="Gentium"/></w:rPr></w:style><w:style w:type="character" w:styleId="Bolditalic"><w:name w:val="Bold italic"/><w:rsid w:val="00067A72"/><w:rPr><w:b/><w:i/></w:rPr></w:style><w:style w:type="character" w:styleId="Normaltext"><w:name w:val="Normal text"/><w:basedOn w:val="DefaultParagraphFont"/><w:rsid w:val="00067A72"/></w:style><w:style w:type="character" w:styleId="Wordlisted"><w:name w:val="Word listed"/><w:rsid w:val="00067A72"/></w:style><w:style w:type="paragraph" w:styleId="IntroTitleMain1"><w:name w:val="Intro Title Main 1"/><w:basedOn w:val="SectionHeadMajor1"/><w:rsid w:val="00067A72"/><w:rPr><wx:font wx:val="Liberation Sans Narrow"/><w:b/></w:rPr></w:style><w:style w:type="paragraph" w:styleId="IntroTitleMain2"><w:name w:val="Intro Title Main 2"/><w:basedOn w:val="SectionHeadMajor2"/><w:rsid w:val="00067A72"/><w:rPr><wx:font wx:val="Liberation Sans Narrow"/></w:rPr></w:style><w:style w:type="paragraph" w:styleId="IntroTitleMain3"><w:name w:val="Intro Title Main 3"/><w:basedOn w:val="SectionHeadMajor3"/><w:rsid w:val="00067A72"/><w:rPr><wx:font wx:val="Liberation Sans Narrow"/></w:rPr></w:style><w:style w:type="character" w:styleId="Versemarker"><w:name w:val="Verse marker"/><w:rsid w:val="007C74C7"/><w:rPr><w:rFonts w:ascii="Liberation Sans Narrow" w:h-ansi="Liberation Sans Narrow" w:cs="Arial Unicode MS"/><w:b/><w:position w:val="4"/><w:sz w:val="10"/><w:vertAlign w:val="baseline"/></w:rPr></w:style><w:style w:type="character" w:styleId="cvmarker"><w:name w:val="cvmarker"/><w:rsid w:val="00067A72"/><w:rPr><w:rFonts w:ascii="Arial Narrow" w:fareast="Arial Unicode MS" w:h-ansi="Arial Narrow" w:cs="Arial Unicode MS"/><w:b/><w:color w:val="FFFFFF"/><w:position w:val="4"/><w:sz w:val="2"/><w:vertAlign w:val="superscript"/></w:rPr></w:style><w:style w:type="paragraph" w:styleId="Header"><w:name w:val="header"/><wx:uiName wx:val="Header"/><w:basedOn w:val="ParagraphContinuation"/><w:rsid w:val="00067A72"/><w:pPr><w:widowControl w:val="off"/><w:tabs><w:tab w:val="center" w:pos="3572"/><w:tab w:val="right" w:pos="7144"/></w:tabs></w:pPr><w:rPr><w:rFonts w:ascii="Arial Unicode MS" w:h-ansi="Arial Unicode MS"/><wx:font wx:val="Arial Unicode MS"/></w:rPr></w:style><w:style w:type="paragraph" w:styleId="Footer"><w:name w:val="footer"/><wx:uiName wx:val="Footer"/><w:basedOn w:val="Normal"/><w:rsid w:val="00067A72"/><w:pPr><w:tabs><w:tab w:val="center" w:pos="4320"/><w:tab w:val="right" w:pos="8640"/></w:tabs></w:pPr><w:rPr><wx:font wx:val="Gentium"/></w:rPr></w:style><w:style w:type="character" w:styleId="PageNumber"><w:name w:val="page number"/><wx:uiName wx:val="Page Number"/><w:basedOn w:val="DefaultParagraphFont"/><w:rsid w:val="00067A72"/></w:style><w:style w:type="paragraph" w:styleId="Error"><w:name w:val="Error"/><w:basedOn w:val="ParagraphContinuation"/><w:rsid w:val="005A1A68"/><w:pPr><w:spacing w:line="480" w:line-rule="auto"/></w:pPr><w:rPr><w:rFonts w:ascii="Courier New" w:h-ansi="Courier New"/><wx:font wx:val="Courier New"/><w:b/><w:color w:val="FF6600"/><w:sz w:val="40"/></w:rPr></w:style><w:style w:type="character" w:styleId="Bookmarker"><w:name w:val="Book marker"/><w:rsid w:val="00067A72"/><w:rPr><w:rFonts w:ascii="Arial Narrow" w:fareast="Arial Unicode MS" w:h-ansi="Arial Narrow" w:cs="Arial Unicode MS"/><w:b/><w:color w:val="FFFFFF"/><w:position w:val="4"/><w:sz w:val="2"/><w:vertAlign w:val="superscript"/></w:rPr></w:style><w:style w:type="paragraph" w:styleId="Bookbreak"><w:name w:val="Book break"/><w:basedOn w:val="Normal"/><w:rsid w:val="00067A72"/><w:pPr><w:keepNext/><w:keepLines/><w:pageBreakBefore/><w:ind w:first-line="0"/><w:jc w:val="center"/></w:pPr><w:rPr><w:rFonts w:ascii="Arial Narrow" w:h-ansi="Arial Narrow"/><wx:font wx:val="Arial Narrow"/></w:rPr></w:style><w:style w:type="paragraph" w:styleId="TOC1"><w:name w:val="toc 1"/><wx:uiName wx:val="TOC 1"/><w:basedOn w:val="Normal"/><w:next w:val="Normal"/><w:autoRedefine/><w:rsid w:val="007C74C7"/><w:pPr><w:tabs><w:tab w:val="right" w:leader="dot" w:pos="3445"/></w:tabs><w:ind w:left="288" w:hanging="288"/></w:pPr><w:rPr><wx:font wx:val="Gentium"/></w:rPr></w:style><w:style w:type="paragraph" w:styleId="FootnoteText"><w:name w:val="footnote text"/><wx:uiName wx:val="Footnote Text"/><w:basedOn w:val="Normal"/><w:link w:val="FootnoteTextChar"/><w:rsid w:val="00BE674C"/><w:pPr><w:spacing w:line="160" w:line-rule="exact"/><w:ind w:first-line="0"/></w:pPr><w:rPr><wx:font wx:val="Gentium"/><w:sz w:val="14"/><w:sz-cs w:val="20"/></w:rPr></w:style><w:style w:type="character" w:styleId="FootnoteReference"><w:name w:val="footnote reference"/><wx:uiName wx:val="Footnote Reference"/><w:rsid w:val="00067A72"/><w:rPr><w:b/><w:vertAlign w:val="superscript"/></w:rPr></w:style><w:style w:type="character" w:styleId="Hyperlink"><w:name w:val="Hyperlink"/><w:rsid w:val="00067A72"/><w:rPr><w:color w:val="0000FF"/><w:u w:val="single"/></w:rPr></w:style><w:style w:type="paragraph" w:styleId="EndnoteText"><w:name w:val="endnote text"/><wx:uiName wx:val="Endnote Text"/><w:basedOn w:val="Normal"/><w:rsid w:val="00067A72"/><w:rPr><wx:font wx:val="Gentium"/><w:sz-cs w:val="20"/></w:rPr></w:style><w:style w:type="character" w:styleId="EndnoteReference"><w:name w:val="endnote reference"/><wx:uiName wx:val="Endnote Reference"/><w:rsid w:val="00067A72"/><w:rPr><w:vertAlign w:val="superscript"/></w:rPr></w:style><w:style w:type="paragraph" w:styleId="Footnotenormal"><w:name w:val="Footnote normal"/><w:basedOn w:val="FootnoteText"/><w:link w:val="FootnotenormalChar"/><w:rsid w:val="007C74C7"/><w:rPr><w:rFonts w:ascii="Liberation Sans Narrow" w:h-ansi="Liberation Sans Narrow"/><wx:font wx:val="Liberation Sans Narrow"/></w:rPr></w:style><w:style w:type="paragraph" w:styleId="Footnotecrossreference"><w:name w:val="Footnote crossreference"/><w:basedOn w:val="FootnoteText"/><w:link w:val="FootnotecrossreferenceChar"/><w:rsid w:val="00067A72"/><w:rPr><wx:font wx:val="Gentium"/><w:sz w:val="16"/></w:rPr></w:style><w:style w:type="paragraph" w:styleId="Endnotenormal"><w:name w:val="End note normal"/><w:basedOn w:val="EndnoteText"/><w:rsid w:val="00067A72"/><w:rPr><wx:font wx:val="Gentium"/></w:rPr></w:style><w:style w:type="character" w:styleId="FootnoteTextChar"><w:name w:val="Footnote Text Char"/><w:link w:val="FootnoteText"/><w:rsid w:val="00BE674C"/><w:rPr><w:rFonts w:ascii="Gentium" w:fareast="Arial Unicode MS" w:h-ansi="Gentium" w:cs="Arial Unicode MS"/><w:noProof/><w:sz w:val="14"/></w:rPr></w:style><w:style w:type="character" w:styleId="FootnotenormalChar"><w:name w:val="Footnote normal Char"/><w:link w:val="Footnotenormal"/><w:rsid w:val="007C74C7"/><w:rPr><w:rFonts w:ascii="Liberation Sans Narrow" w:fareast="Arial Unicode MS" w:h-ansi="Liberation Sans Narrow" w:cs="Arial Unicode MS"/><w:noProof/><w:sz w:val="14"/></w:rPr></w:style><w:style w:type="paragraph" w:styleId="ChapterLabel"><w:name w:val="Chapter Label"/><w:basedOn w:val="ParagraphContinuation"/><w:rsid w:val="004A46DA"/><w:pPr><w:keepNext/><w:keepLines/><w:jc w:val="center"/></w:pPr><w:rPr><w:rFonts w:ascii="Arial Unicode MS" w:h-ansi="Arial Unicode MS"/><wx:font wx:val="Arial Unicode MS"/><w:b/><w:sz w:val="24"/></w:rPr></w:style><w:style w:type="paragraph" w:styleId="PsalmLabel"><w:name w:val="Psalm Label"/><w:basedOn w:val="ChapterLabel"/><w:rsid w:val="00067A72"/><w:rPr><wx:font wx:val="Arial Unicode MS"/></w:rPr></w:style><w:style w:type="paragraph" w:styleId="IntroStanzaBreak"><w:name w:val="Intro Stanza Break"/><w:basedOn w:val="StanzaBreak"/><w:rsid w:val="00067A72"/><w:rPr><wx:font wx:val="Arial Unicode MS"/></w:rPr></w:style><w:style w:type="paragraph" w:styleId="IntroCitationParagraph"><w:name w:val="Intro Citation Paragraph"/><w:basedOn w:val="IntroParagraphContinuation"/><w:rsid w:val="00067A72"/><w:rPr><wx:font wx:val="Arial Unicode MS"/></w:rPr></w:style><w:style w:type="paragraph" w:styleId="IntroCitationLine1"><w:name w:val="Intro Citation Line 1"/><w:basedOn w:val="IntroCitationParagraph"/><w:next w:val="IntroCitationParagraph"/><w:rsid w:val="00067A72"/><w:rPr><wx:font wx:val="Arial Unicode MS"/></w:rPr></w:style><w:style w:type="paragraph" w:styleId="IntroCitationReference"><w:name w:val="Intro Citation Reference"/><w:basedOn w:val="IntroCitationParagraph"/><w:rsid w:val="00067A72"/><w:rPr><wx:font wx:val="Arial Unicode MS"/></w:rPr></w:style><w:style w:type="paragraph" w:styleId="IntroCitationLine2"><w:name w:val="Intro Citation Line 2"/><w:basedOn w:val="Introductionpoetry2"/><w:rsid w:val="00067A72"/><w:rPr><wx:font wx:val="Arial Unicode MS"/></w:rPr></w:style><w:style w:type="paragraph" w:styleId="IntroCitationLine3"><w:name w:val="Intro Citation Line 3"/><w:basedOn w:val="Introductionpoetry3"/><w:rsid w:val="00067A72"/><w:rPr><wx:font wx:val="Arial Unicode MS"/></w:rPr></w:style><w:style w:type="paragraph" w:styleId="IntroParagraph"><w:name w:val="Intro Paragraph"/><w:basedOn w:val="Introductionnormal"/><w:rsid w:val="00067A72"/><w:rPr><wx:font wx:val="Arial Unicode MS"/></w:rPr></w:style><w:style w:type="paragraph" w:styleId="IntroParagraphIndented"><w:name w:val="Intro Paragraph Indented"/><w:basedOn w:val="IntroParagraph"/><w:rsid w:val="00067A72"/><w:pPr><w:ind w:left="397" w:right="397"/></w:pPr><w:rPr><wx:font wx:val="Arial Unicode MS"/></w:rPr></w:style><w:style w:type="paragraph" w:styleId="IntroSectionHead3"><w:name w:val="Intro Section Head 3"/><w:basedOn w:val="IntroSectionHead2"/><w:rsid w:val="00067A72"/><w:rPr><wx:font wx:val="Liberation Sans Narrow"/><w:sz w:val="18"/></w:rPr></w:style><w:style w:type="character" w:styleId="OrdinalNumberEnding"><w:name w:val="Ordinal Number Ending"/><w:rsid w:val="00067A72"/><w:rPr><w:vertAlign w:val="superscript"/></w:rPr></w:style><w:style w:type="paragraph" w:styleId="Paragraph"><w:name w:val="Paragraph"/><w:basedOn w:val="Normal"/><w:rsid w:val="00067A72"/><w:rPr><wx:font wx:val="Gentium"/></w:rPr></w:style><w:style w:type="character" w:styleId="Inscription"><w:name w:val="Inscription"/><w:rsid w:val="00067A72"/><w:rPr><w:smallCaps/></w:rPr></w:style><w:style w:type="character" w:styleId="NoteXref"><w:name w:val="Note Xref"/><w:rsid w:val="00067A72"/><w:rPr><w:rFonts w:ascii="Arial Unicode MS" w:h-ansi="Arial Unicode MS"/><w:sz w:val="12"/></w:rPr></w:style><w:style w:type="paragraph" w:styleId="IntroOutlineTitle"><w:name w:val="Intro Outline Title"/><w:basedOn w:val="IntroSectionHead1"/><w:rsid w:val="00067A72"/><w:rPr><wx:font wx:val="Liberation Sans Narrow"/></w:rPr></w:style><w:style w:type="paragraph" w:styleId="IntroParagraphQuote"><w:name w:val="Intro Paragraph Quote"/><w:basedOn w:val="IntroParagraphIndented"/><w:rsid w:val="00067A72"/><w:rPr><wx:font wx:val="Arial Unicode MS"/></w:rPr></w:style><w:style w:type="paragraph" w:styleId="IntroTitleEnd"><w:name w:val="Intro Title End"/><w:basedOn w:val="IntroTitleMain1"/><w:rsid w:val="00067A72"/><w:rPr><wx:font wx:val="Liberation Sans Narrow"/></w:rPr></w:style><w:style w:type="paragraph" w:styleId="BookTitle1"><w:name w:val="Book Title 1"/><w:basedOn w:val="ChapterLabel"/><w:rsid w:val="004A46DA"/><w:rPr><wx:font wx:val="Arial Unicode MS"/></w:rPr></w:style><w:style w:type="paragraph" w:styleId="BookTitleatEnding"><w:name w:val="Book Title at Ending"/><w:basedOn w:val="BookTitle1"/><w:rsid w:val="00067A72"/><w:rPr><wx:font wx:val="Arial Unicode MS"/></w:rPr></w:style><w:style w:type="paragraph" w:styleId="LetterParagraph2"><w:name w:val="Letter Paragraph 2"/><w:basedOn w:val="LetterParagraph1"/><w:rsid w:val="00067A72"/><w:pPr><w:ind w:left="567" w:right="289"/></w:pPr><w:rPr><wx:font wx:val="Gentium"/></w:rPr></w:style><w:style w:type="paragraph" w:styleId="LetterParagraph3"><w:name w:val="Letter Paragraph 3"/><w:basedOn w:val="LetterParagraph2"/><w:rsid w:val="00067A72"/><w:pPr><w:ind w:left="851"/></w:pPr><w:rPr><wx:font wx:val="Gentium"/></w:rPr></w:style><w:style w:type="paragraph" w:styleId="HangingIndent2"><w:name w:val="Hanging Indent 2"/><w:basedOn w:val="LetterParagraph2"/><w:rsid w:val="00067A72"/><w:rPr><wx:font wx:val="Gentium"/></w:rPr></w:style><w:style w:type="paragraph" w:styleId="HangingIndent3"><w:name w:val="Hanging Indent 3"/><w:basedOn w:val="LetterParagraph3"/><w:rsid w:val="00067A72"/><w:rPr><wx:font wx:val="Gentium"/></w:rPr></w:style><w:style w:type="paragraph" w:styleId="DiscourseIntro"><w:name w:val="Discourse Intro"/><w:basedOn w:val="Normal"/><w:rsid w:val="00067A72"/><w:rPr><wx:font wx:val="Gentium"/></w:rPr></w:style><w:style w:type="paragraph" w:styleId="DiscourseEnd"><w:name w:val="Discourse End"/><w:basedOn w:val="Normal"/><w:rsid w:val="00067A72"/><w:rPr><wx:font wx:val="Gentium"/></w:rPr></w:style><w:style w:type="character" w:styleId="SecondaryLanguageSource"><w:name w:val="Secondary Language Source"/><w:basedOn w:val="DefaultParagraphFont"/><w:rsid w:val="00067A72"/></w:style><w:style w:type="paragraph" w:styleId="BookTitle2"><w:name w:val="Book Title 2"/><w:basedOn w:val="BookTitle1"/><w:rsid w:val="00067A72"/><w:rPr><wx:font wx:val="Arial Unicode MS"/><w:sz w:val="22"/></w:rPr></w:style><w:style w:type="paragraph" w:styleId="BookTitle3"><w:name w:val="Book Title 3"/><w:basedOn w:val="BookTitle2"/><w:rsid w:val="00067A72"/><w:rPr><wx:font wx:val="Arial Unicode MS"/><w:sz w:val="20"/></w:rPr></w:style><w:style w:type="character" w:styleId="FootnotecrossreferenceChar"><w:name w:val="Footnote crossreference Char"/><w:link w:val="Footnotecrossreference"/><w:rsid w:val="00067A72"/><w:rPr><w:rFonts w:ascii="Arial" w:fareast="Arial Unicode MS" w:h-ansi="Arial" w:cs="Arial Unicode MS"/><w:noProof/><w:sz w:val="16"/><w:lang w:val="EN-US" w:fareast="EN-US" w:bidi="AR-SA"/></w:rPr></w:style><w:style w:type="paragraph" w:styleId="Sectiontitle1"><w:name w:val="Section title 1"/><w:basedOn w:val="SectionHead1"/><w:rsid w:val="00067A72"/><w:rPr><wx:font wx:val="Liberation Sans Narrow"/></w:rPr></w:style><w:style w:type="paragraph" w:styleId="Sectiontitle2"><w:name w:val="Section title 2"/><w:basedOn w:val="SectionHead2"/><w:rsid w:val="00067A72"/><w:rPr><wx:font wx:val="Liberation Sans Narrow"/></w:rPr></w:style><w:style w:type="paragraph" w:styleId="Sectiontitle3"><w:name w:val="Section title 3"/><w:basedOn w:val="SectionHead3"/><w:rsid w:val="00067A72"/><w:rPr><wx:font wx:val="Liberation Sans Narrow"/></w:rPr></w:style><w:style w:type="paragraph" w:styleId="TitleBase"><w:name w:val="Title Base"/><w:basedOn w:val="Normal"/><w:rsid w:val="007C74C7"/><w:pPr><w:ind w:first-line="0"/><w:jc w:val="center"/></w:pPr><w:rPr><w:rFonts w:ascii="Liberation Sans Narrow" w:h-ansi="Liberation Sans Narrow"/><wx:font wx:val="Liberation Sans Narrow"/><w:b/><w:sz w:val="22"/></w:rPr></w:style><w:style w:type="paragraph" w:styleId="Invisible"><w:name w:val="Invisible"/><w:basedOn w:val="Normal"/><w:rsid w:val="00067A72"/><w:rPr><w:rFonts w:ascii="Arial Narrow" w:h-ansi="Arial Narrow"/><wx:font wx:val="Arial Narrow"/><w:vanish/><w:color w:val="FFFFFF"/><w:sz w:val="2"/></w:rPr></w:style><w:style w:type="character" w:styleId="Footnotesource"><w:name w:val="Footnote source"/><w:rsid w:val="0037539E"/><w:rPr><w:rFonts w:ascii="Liberation Sans Narrow" w:h-ansi="Liberation Sans Narrow"/><w:b/><w:sz w:val="14"/></w:rPr></w:style><w:style w:type="character" w:styleId="Hidden"><w:name w:val="Hidden"/><w:rsid w:val="00067A72"/><w:rPr><w:rFonts w:ascii="Arial Narrow" w:fareast="Arial Unicode MS" w:h-ansi="Arial Narrow" w:cs="Arial Unicode MS"/><w:b/><w:vanish/><w:color w:val="FFFFFF"/><w:position w:val="4"/><w:sz w:val="2"/><w:vertAlign w:val="superscript"/></w:rPr></w:style><w:style w:type="character" w:styleId="Emphasized"><w:name w:val="Emphasized"/><w:rsid w:val="00067A72"/><w:rPr><w:b/></w:rPr></w:style><w:style w:type="paragraph" w:styleId="Normal-ch"><w:name w:val="Normal-ch"/><w:basedOn w:val="Normal"/><w:rsid w:val="00067A72"/><w:pPr><w:ind w:first-line="0"/></w:pPr><w:rPr><wx:font wx:val="Gentium"/></w:rPr></w:style><w:style w:type="paragraph" w:styleId="SectionReference"><w:name w:val="Section Reference"/><w:basedOn w:val="SectionRange"/><w:rsid w:val="00067A72"/><w:rPr><wx:font wx:val="Liberation Sans Narrow"/></w:rPr></w:style><w:style w:type="paragraph" w:styleId="EmbeddedParagraph"><w:name w:val="Embedded Paragraph"/><w:basedOn w:val="Normal"/><w:rsid w:val="00067A72"/><w:pPr><w:ind w:left="170" w:first-line="170"/></w:pPr><w:rPr><wx:font wx:val="Gentium"/></w:rPr></w:style><w:style w:type="paragraph" w:styleId="EmbeddedOpening"><w:name w:val="Embedded Opening"/><w:basedOn w:val="EmbeddedParagraph"/><w:next w:val="EmbeddedParagraph"/><w:rsid w:val="00067A72"/><w:pPr><w:ind w:first-line="0"/></w:pPr><w:rPr><wx:font wx:val="Gentium"/></w:rPr></w:style><w:style w:type="paragraph" w:styleId="EmbeddedRefrain"><w:name w:val="Embedded Refrain"/><w:basedOn w:val="EmbeddedParagraph"/><w:rsid w:val="00067A72"/><w:pPr><w:ind w:first-line="0"/><w:jc w:val="right"/></w:pPr><w:rPr><wx:font wx:val="Gentium"/></w:rPr></w:style><w:style w:type="paragraph" w:styleId="EmbeddedPoetry1"><w:name w:val="Embedded Poetry 1"/><w:basedOn w:val="Poetryline1"/><w:rsid w:val="00067A72"/><w:pPr><w:ind w:left="890"/></w:pPr><w:rPr><wx:font wx:val="Gentium"/></w:rPr></w:style><w:style w:type="paragraph" w:styleId="EmbeddedPoetry2"><w:name w:val="Embedded Poetry 2"/><w:basedOn w:val="Poetryline2"/><w:rsid w:val="00067A72"/><w:pPr><w:ind w:left="947" w:hanging="431"/></w:pPr><w:rPr><wx:font wx:val="Gentium"/></w:rPr></w:style><w:style w:type="paragraph" w:styleId="EmbeddedPoetry3"><w:name w:val="Embedded Poetry 3"/><w:basedOn w:val="Poetryline3"/><w:rsid w:val="00067A72"/><w:pPr><w:ind w:left="890" w:hanging="142"/></w:pPr><w:rPr><wx:font wx:val="Gentium"/></w:rPr></w:style><w:style w:type="character" w:styleId="Pronunciation"><w:name w:val="Pronunciation"/><w:rsid w:val="00067A72"/><w:rPr><w:color w:val="99CC00"/></w:rPr></w:style><w:style w:type="character" w:styleId="WordsofJesus"><w:name w:val="Words of Jesus"/><w:rsid w:val="00067A72"/><w:rPr><w:color w:val="800000"/></w:rPr></w:style><w:style w:type="paragraph" w:styleId="Poetryline1-ch"><w:name w:val="Poetry line 1-ch"/><w:basedOn w:val="Poetryline1"/><w:rsid w:val="00067A72"/><w:pPr><w:spacing w:before="240"/></w:pPr><w:rPr><wx:font wx:val="Gentium"/></w:rPr></w:style><w:style w:type="character" w:styleId="Italics"><w:name w:val="Italics"/><w:rsid w:val="00067A72"/><w:rPr><w:i/></w:rPr></w:style><w:style w:type="paragraph" w:styleId="HorizontalRule"><w:name w:val="Horizontal Rule"/><w:basedOn w:val="Normal"/><w:next w:val="Normal"/><w:rsid w:val="00067A72"/><w:pPr><w:pBdr><w:bottom w:val="single" w:sz="8" wx:bdrwidth="20" w:space="1" w:color="auto"/></w:pBdr><w:ind w:first-line="0"/><w:jc w:val="center"/></w:pPr><w:rPr><wx:font wx:val="Gentium"/><w:sz w:val="2"/></w:rPr></w:style><w:style w:type="paragraph" w:styleId="InvisibleParagraph"><w:name w:val="Invisible Paragraph"/><w:basedOn w:val="Normal"/><w:rsid w:val="00067A72"/><w:pPr><w:spacing w:line="14" w:line-rule="exact"/><w:ind w:left="-170" w:right="170" w:first-line="0"/></w:pPr><w:rPr><w:rFonts w:ascii="Arial Narrow" w:h-ansi="Arial Narrow"/><wx:font wx:val="Arial Narrow"/><w:vanish/><w:color w:val="FFFFFF"/><w:sz w:val="2"/></w:rPr></w:style><w:style w:type="character" w:styleId="Quotedfromtext"><w:name w:val="Quoted from text"/><w:rsid w:val="00067A72"/><w:rPr><w:rFonts w:ascii="EBT Basic" w:h-ansi="EBT Basic"/><w:sz w:val="18"/></w:rPr></w:style><w:style w:type="paragraph" w:styleId="PictureCaption"><w:name w:val="Picture Caption"/><w:basedOn w:val="TitleBase"/><w:rsid w:val="00067A72"/><w:rPr><wx:font wx:val="Liberation Sans Narrow"/><w:b w:val="off"/><w:sz w:val="16"/><w:sz-cs w:val="16"/></w:rPr></w:style><w:style w:type="paragraph" w:styleId="RightReference"><w:name w:val="Right Reference"/><w:basedOn w:val="Normal"/><w:rsid w:val="00067A72"/><w:pPr><w:ind w:first-line="0"/><w:jc w:val="right"/></w:pPr><w:rPr><wx:font wx:val="Gentium"/><w:i/><w:sz-cs w:val="16"/></w:rPr></w:style><w:style w:type="paragraph" w:styleId="Publicationdata"><w:name w:val="Publication data"/><w:basedOn w:val="Paragraph"/><w:next w:val="Paragraph"/><w:rsid w:val="00067A72"/><w:rPr><wx:font wx:val="Gentium"/></w:rPr></w:style><w:style w:type="paragraph" w:styleId="Publicationinfo"><w:name w:val="Publication info"/><w:basedOn w:val="Paragraph"/><w:next w:val="Paragraph"/><w:rsid w:val="00067A72"/><w:rPr><wx:font wx:val="Gentium"/></w:rPr></w:style><w:style w:type="paragraph" w:styleId="Preface"><w:name w:val="Preface"/><w:basedOn w:val="Paragraph"/><w:next w:val="Paragraph"/><w:rsid w:val="00067A72"/><w:rPr><wx:font wx:val="Gentium"/></w:rPr></w:style><w:style w:type="paragraph" w:styleId="Intro"><w:name w:val="Intro"/><w:basedOn w:val="Paragraph"/><w:next w:val="Paragraph"/><w:rsid w:val="00067A72"/><w:rPr><wx:font wx:val="Gentium"/></w:rPr></w:style><w:style w:type="paragraph" w:styleId="Keyword1"><w:name w:val="Keyword 1"/><w:basedOn w:val="Paragraph"/><w:next w:val="Paragraph"/><w:rsid w:val="00067A72"/><w:pPr><w:ind w:left="289" w:hanging="289"/></w:pPr><w:rPr><wx:font wx:val="Gentium"/><w:b/></w:rPr></w:style><w:style w:type="paragraph" w:styleId="Keyword2"><w:name w:val="Keyword 2"/><w:basedOn w:val="Keyword1"/><w:next w:val="Paragraph"/><w:rsid w:val="00067A72"/><w:pPr><w:ind w:left="402"/></w:pPr><w:rPr><wx:font wx:val="Gentium"/></w:rPr></w:style><w:style w:type="paragraph" w:styleId="Keyword3"><w:name w:val="Keyword 3"/><w:basedOn w:val="Keyword1"/><w:next w:val="Paragraph"/><w:rsid w:val="00067A72"/><w:pPr><w:ind w:left="516"/></w:pPr><w:rPr><wx:font wx:val="Gentium"/></w:rPr></w:style><w:style w:type="paragraph" w:styleId="Concordance"><w:name w:val="Concordance"/><w:basedOn w:val="Paragraph"/><w:next w:val="Paragraph"/><w:rsid w:val="00067A72"/><w:rPr><wx:font wx:val="Gentium"/></w:rPr></w:style><w:style w:type="paragraph" w:styleId="Glossary"><w:name w:val="Glossary"/><w:basedOn w:val="Paragraph"/><w:next w:val="Paragraph"/><w:rsid w:val="00067A72"/><w:rPr><wx:font wx:val="Gentium"/></w:rPr></w:style><w:style w:type="paragraph" w:styleId="Index"><w:name w:val="Index"/><w:basedOn w:val="Paragraph"/><w:next w:val="Paragraph"/><w:rsid w:val="00067A72"/><w:rPr><wx:font wx:val="Gentium"/></w:rPr></w:style><w:style w:type="paragraph" w:styleId="Cover"><w:name w:val="Cover"/><w:basedOn w:val="Paragraph"/><w:next w:val="Paragraph"/><w:rsid w:val="00067A72"/><w:rPr><wx:font wx:val="Gentium"/></w:rPr></w:style><w:style w:type="paragraph" w:styleId="Spine"><w:name w:val="Spine"/><w:basedOn w:val="Paragraph"/><w:next w:val="Paragraph"/><w:rsid w:val="00067A72"/><w:rPr><wx:font wx:val="Gentium"/></w:rPr></w:style><w:style w:type="character" w:styleId="FootnoteLabel"><w:name w:val="Footnote Label"/><w:rsid w:val="00067A72"/><w:rPr><w:b/><w:vertAlign w:val="superscript"/></w:rPr></w:style><w:style w:type="paragraph" w:styleId="BodyText"><w:name w:val="Body Text"/><w:basedOn w:val="Normal"/><w:link w:val="BodyTextChar"/><w:rsid w:val="00067A72"/><w:pPr><w:spacing w:after="120"/></w:pPr><w:rPr><wx:font wx:val="Gentium"/></w:rPr></w:style><w:style w:type="character" w:styleId="WordlistHebrew"><w:name w:val="Word list Hebrew"/><w:basedOn w:val="Wordlisted"/><w:rsid w:val="00B641B4"/></w:style><w:style w:type="character" w:styleId="WordlistGreek"><w:name w:val="Word list Greek"/><w:basedOn w:val="Wordlisted"/><w:rsid w:val="00B641B4"/></w:style><w:style w:type="character" w:styleId="zc"><w:name w:val="zc"/><w:rsid w:val="00CD475F"/><w:rPr><w:color w:val="00FF00"/></w:rPr></w:style><w:style w:type="paragraph" w:styleId="zp"><w:name w:val="zp"/><w:basedOn w:val="Normal"/><w:rsid w:val="00CD475F"/><w:rPr><w:rFonts w:ascii="Andika DesRev A" w:h-ansi="Andika DesRev A"/><wx:font wx:val="Andika DesRev A"/><w:color w:val="008000"/><w:sz w:val="22"/></w:rPr></w:style><w:style w:type="character" w:styleId="Figure"><w:name w:val="Figure"/><w:rsid w:val="005A1A68"/><w:rPr><w:color w:val="008000"/></w:rPr></w:style><w:style w:type="character" w:styleId="FigureDescription"><w:name w:val="Figure Description"/><w:rsid w:val="005A1A68"/><w:rPr><w:color w:val="FF0000"/></w:rPr></w:style><w:style w:type="character" w:styleId="FigureFilename"><w:name w:val="Figure Filename"/><w:rsid w:val="005A1A68"/><w:rPr><w:color w:val="FF6600"/></w:rPr></w:style><w:style w:type="character" w:styleId="FigureSize"><w:name w:val="Figure Size"/><w:rsid w:val="005A1A68"/><w:rPr><w:color w:val="FFFF00"/></w:rPr></w:style><w:style w:type="character" w:styleId="FigureLocation"><w:name w:val="Figure Location"/><w:rsid w:val="005A1A68"/><w:rPr><w:color w:val="00FF00"/></w:rPr></w:style><w:style w:type="character" w:styleId="FigureCopyright"><w:name w:val="Figure Copyright"/><w:rsid w:val="007D7518"/><w:rPr><w:color w:val="0000FF"/></w:rPr></w:style><w:style w:type="character" w:styleId="FigureCaption"><w:name w:val="Figure Caption"/><w:rsid w:val="007D7518"/><w:rPr><w:color w:val="333399"/></w:rPr></w:style><w:style w:type="character" w:styleId="FigureReference"><w:name w:val="Figure Reference"/><w:rsid w:val="007D7518"/><w:rPr><w:color w:val="800080"/></w:rPr></w:style><w:style w:type="character" w:styleId="BodyTextChar"><w:name w:val="Body Text Char"/><w:link w:val="BodyText"/><w:rsid w:val="00BE674C"/><w:rPr><w:rFonts w:ascii="Gentium" w:fareast="Arial Unicode MS" w:h-ansi="Gentium" w:cs="Arial Unicode MS"/><w:noProof/><w:sz w:val="18"/><w:sz-cs w:val="24"/></w:rPr></w:style></w:styles><w:shapeDefaults><o:shapedefaults v:ext="edit" spidmax="1026"/><o:shapelayout v:ext="edit"><o:idmap v:ext="edit" data="1"/></o:shapelayout></w:shapeDefaults><w:docPr><w:view w:val="print"/><w:zoom w:val="best-fit" w:percent="358"/><w:embedTrueTypeFonts/><w:doNotEmbedSystemFonts/><w:mirrorMargins/><w:hideSpellingErrors/><w:activeWritingStyle w:lang="EN-US" w:vendorID="64" w:dllVersion="131078" w:nlCheck="on" w:optionSet="1"/><w:activeWritingStyle w:lang="EN-AU" w:vendorID="64" w:dllVersion="131078" w:nlCheck="on" w:optionSet="1"/><w:stylePaneFormatFilter w:val="3004"/><w:defaultTabStop w:val="720"/><w:punctuationKerning/><w:characterSpacingControl w:val="DontCompress"/><w:optimizeForBrowser/><w:validateAgainstSchema/><w:saveInvalidXML w:val="off"/><w:ignoreMixedContent w:val="off"/><w:alwaysShowPlaceholderText w:val="off"/><w:footnotePr><w:numFmt w:val="lower-letter"/><w:numRestart w:val="each-page"/><w:footnote w:type="separator"><w:p wsp:rsidR="006108E9" wsp:rsidRDefault="006108E9"><w:r><w:separator/></w:r></w:p></w:footnote><w:footnote w:type="continuation-separator"><w:p wsp:rsidR="006108E9" wsp:rsidRDefault="006108E9"><w:r><w:continuationSeparator/></w:r></w:p></w:footnote></w:footnotePr><w:endnotePr><w:endnote w:type="separator"><w:p wsp:rsidR="006108E9" wsp:rsidRDefault="006108E9"><w:r><w:separator/></w:r></w:p></w:endnote><w:endnote w:type="continuation-separator"><w:p wsp:rsidR="006108E9" wsp:rsidRDefault="006108E9"><w:r><w:continuationSeparator/></w:r></w:p></w:endnote></w:endnotePr><w:compat><w:breakWrappedTables/><w:snapToGridInCell/><w:wrapTextWithPunct/><w:useAsianBreakRules/><w:dontGrowAutofit/></w:compat><wsp:rsids><wsp:rsidRoot wsp:val="00A46B64"/><wsp:rsid wsp:val="00002650"/><wsp:rsid wsp:val="0004488D"/><wsp:rsid wsp:val="000A791B"/><wsp:rsid wsp:val="001158B6"/><wsp:rsid wsp:val="002237B9"/><wsp:rsid wsp:val="0027216E"/><wsp:rsid wsp:val="003369C2"/><wsp:rsid wsp:val="0037539E"/><wsp:rsid wsp:val="004922C8"/><wsp:rsid wsp:val="004A46DA"/><wsp:rsid wsp:val="005A1A68"/><wsp:rsid wsp:val="006108E9"/><wsp:rsid wsp:val="0073298D"/><wsp:rsid wsp:val="007C74C7"/><wsp:rsid wsp:val="007D7518"/><wsp:rsid wsp:val="00897B4A"/><wsp:rsid wsp:val="00A37A1D"/><wsp:rsid wsp:val="00A46B64"/><wsp:rsid wsp:val="00BE674C"/><wsp:rsid wsp:val="00C715C8"/><wsp:rsid wsp:val="00CD475F"/><wsp:rsid wsp:val="00D4060F"/><wsp:rsid wsp:val="00E658AF"/><wsp:rsid wsp:val="00EF096E"/><wsp:rsid wsp:val="00F45D8A"/></wsp:rsids></w:docPr><w:body><wx:sect><wx:sub-section><wx:sub-section><w:p wsp:rsidR="00A46B64" wsp:rsidRDefault="0073298D"><w:pPr><w:pStyle w:val="BridgeTitle1"/></w:pPr><w:r><w:t>Contents</w:t></w:r></w:p><w:p wsp:rsidR="00A46B64" wsp:rsidRDefault="00897B4A" wsp:rsidP="007C74C7"><w:pPr><w:pStyle w:val="TOC1"/><w:rPr><w:rFonts w:ascii="Times New Roman" w:fareast="SimSun" w:h-ansi="Times New Roman" w:cs="Times New Roman"/><wx:font wx:val="Times New Roman"/><w:sz w:val="24"/><w:lang w:fareast="ZH-CN" w:bidi="HE"/></w:rPr></w:pPr><w:r><w:fldChar w:fldCharType="begin"/></w:r><w:r wsp:rsidR="0073298D"><w:instrText> TOC \h \z \t "Book Title 1,1" </w:instrText></w:r><w:r><w:fldChar w:fldCharType="separate"/></w:r><w:hlink w:dest="" w:bookmark="_Toc94435983"><w:r wsp:rsidR="0073298D"><w:rPr><w:rStyle w:val="Hyperlink"/></w:rPr><w:t>Please place the cursor here and press F9.</w:t></w:r><w:r wsp:rsidR="0073298D"><w:rPr><w:webHidden/></w:rPr><w:tab/></w:r><w:r><w:rPr><w:webHidden/></w:rPr><w:fldChar w:fldCharType="begin"><w:fldData xml:space="preserve">CNDJ6nn5us4RjIIAqgBLqQsCAAAACAAAAA0AAABfAFQAbwBjADkANAA0ADMANQA5ADgAMwAAAA==
</w:fldData></w:fldChar></w:r><w:r wsp:rsidR="0073298D"><w:rPr><w:webHidden/></w:rPr><w:instrText> PAGEREF _Toc94435983 \h </w:instrText></w:r><w:r><w:rPr><w:webHidden/></w:rPr></w:r><w:r><w:rPr><w:webHidden/></w:rPr><w:fldChar w:fldCharType="separate"/></w:r><w:r wsp:rsidR="0073298D"><w:rPr><w:webHidden/></w:rPr><w:t>1</w:t></w:r><w:r><w:rPr><w:webHidden/></w:rPr><w:fldChar w:fldCharType="end"/></w:r></w:hlink></w:p><w:p wsp:rsidR="00A46B64" wsp:rsidRDefault="00897B4A"><w:pPr><w:pStyle w:val="ParagraphContinuation"/></w:pPr><w:r><w:fldChar w:fldCharType="end"/></w:r></w:p><w:p wsp:rsidR="00A46B64" wsp:rsidRPr="007D7518" wsp:rsidRDefault="00A46B64"><w:pPr><w:pStyle w:val="Paragraph"/><w:rPr><w:rStyle w:val="Figure"/></w:rPr></w:pPr></w:p></wx:sub-section></wx:sub-section><w:sectPr wsp:rsidR="00A46B64" wsp:rsidRPr="007D7518" wsp:rsidSect="002237B9"><w:hdr w:type="even"><w:p wsp:rsidR="00A46B64" wsp:rsidRDefault="00897B4A"><w:pPr><w:pStyle w:val="Header"/></w:pPr><w:r><w:fldChar w:fldCharType="begin"/></w:r><w:r wsp:rsidR="0073298D"><w:instrText> STYLEREF  "Book marker" </w:instrText></w:r><w:r><w:fldChar w:fldCharType="separate"/></w:r><w:r wsp:rsidR="0073298D"><w:rPr><w:b/><w:b-cs/></w:rPr><w:t>Error! No text of specified style in document.</w:t></w:r><w:r><w:fldChar w:fldCharType="end"/></w:r><w:r wsp:rsidR="0073298D"><w:t> </w:t></w:r><w:r><w:fldChar w:fldCharType="begin"/></w:r><w:r wsp:rsidR="0073298D"><w:instrText> IF </w:instrText></w:r><w:r><w:fldChar w:fldCharType="begin"/></w:r><w:r wsp:rsidR="0073298D"><w:instrText> STYLEREF cvmarker</w:instrText></w:r><w:r><w:fldChar w:fldCharType="separate"/></w:r><w:r wsp:rsidR="0073298D"><w:rPr><w:b/><w:b-cs/></w:rPr><w:instrText>Error! No text of specified style in document.</w:instrText></w:r><w:r><w:fldChar w:fldCharType="end"/></w:r><w:r wsp:rsidR="0073298D"><w:instrText>=</w:instrText></w:r><w:r><w:fldChar w:fldCharType="begin"/></w:r><w:r wsp:rsidR="0073298D"><w:instrText> STYLEREF cvmarker \l</w:instrText></w:r><w:r><w:fldChar w:fldCharType="separate"/></w:r><w:r wsp:rsidR="0073298D"><w:rPr><w:b/><w:b-cs/></w:rPr><w:instrText>Error! No text of specified style in document.</w:instrText></w:r><w:r><w:fldChar w:fldCharType="end"/></w:r><w:r wsp:rsidR="0073298D"><w:instrText> "</w:instrText></w:r><w:r><w:fldChar w:fldCharType="begin"/></w:r><w:r wsp:rsidR="0073298D"><w:instrText> STYLEREF cvmarker</w:instrText></w:r><w:r><w:fldChar w:fldCharType="separate"/></w:r><w:r wsp:rsidR="0073298D"><w:rPr><w:b/><w:b-cs/></w:rPr><w:instrText>Error! No text of specified style in document.</w:instrText></w:r><w:r><w:fldChar w:fldCharType="end"/></w:r><w:r wsp:rsidR="0073298D"><w:instrText>" "</w:instrText></w:r><w:r><w:fldChar w:fldCharType="begin"/></w:r><w:r wsp:rsidR="0073298D"><w:instrText> STYLEREF cvmarker</w:instrText></w:r><w:r><w:fldChar w:fldCharType="separate"/></w:r><w:r wsp:rsidR="0073298D"><w:instrText>20</w:instrText></w:r><w:r><w:fldChar w:fldCharType="end"/></w:r><w:r wsp:rsidR="0073298D"><w:instrText>-</w:instrText></w:r><w:r><w:fldChar w:fldCharType="begin"/></w:r><w:r wsp:rsidR="0073298D"><w:instrText> STYLEREF cvmarker \l</w:instrText></w:r><w:r><w:fldChar w:fldCharType="separate"/></w:r><w:r wsp:rsidR="0073298D"><w:instrText>21</w:instrText></w:r><w:r><w:fldChar w:fldCharType="end"/></w:r><w:r wsp:rsidR="0073298D"><w:instrText>" </w:instrText></w:r><w:r><w:fldChar w:fldCharType="separate"/></w:r><w:r wsp:rsidR="0073298D"><w:rPr><w:b/><w:b-cs/></w:rPr><w:t>Error! No text of specified style in document.</w:t></w:r><w:r><w:fldChar w:fldCharType="end"/></w:r><w:r wsp:rsidR="0073298D"><w:tab/></w:r><w:r><w:rPr><w:rStyle w:val="PageNumber"/></w:rPr><w:fldChar w:fldCharType="begin"/></w:r><w:r wsp:rsidR="0073298D"><w:rPr><w:rStyle w:val="PageNumber"/></w:rPr><w:instrText> PAGE </w:instrText></w:r><w:r><w:rPr><w:rStyle w:val="PageNumber"/></w:rPr><w:fldChar w:fldCharType="separate"/></w:r><w:r wsp:rsidR="0073298D"><w:rPr><w:rStyle w:val="PageNumber"/></w:rPr><w:t>2</w:t></w:r><w:r><w:rPr><w:rStyle w:val="PageNumber"/></w:rPr><w:fldChar w:fldCharType="end"/></w:r></w:p></w:hdr><w:hdr w:type="odd"><w:p wsp:rsidR="00A46B64" wsp:rsidRDefault="0073298D"><w:pPr><w:pStyle w:val="Header"/></w:pPr><w:r><w:tab/></w:r><w:r wsp:rsidR="00897B4A"><w:fldChar w:fldCharType="begin"/></w:r><w:r wsp:rsidR="00A37A1D"><w:instrText> PAGE  \* Arabic  \* MERGEFORMAT </w:instrText></w:r><w:r wsp:rsidR="00897B4A"><w:fldChar w:fldCharType="separate"/></w:r><w:r><w:t>3</w:t></w:r><w:r wsp:rsidR="00897B4A"><w:fldChar w:fldCharType="end"/></w:r><w:r><w:tab/></w:r><w:r wsp:rsidR="00897B4A"><w:fldChar w:fldCharType="begin"/></w:r><w:r><w:instrText> STYLEREF  "Book marker" </w:instrText></w:r><w:r wsp:rsidR="00897B4A"><w:fldChar w:fldCharType="separate"/></w:r><w:r><w:rPr><w:b/><w:b-cs/></w:rPr><w:t>Error! No text of specified style in document.</w:t></w:r><w:r wsp:rsidR="00897B4A"><w:fldChar w:fldCharType="end"/></w:r><w:r><w:t> </w:t></w:r><w:r wsp:rsidR="00897B4A"><w:fldChar w:fldCharType="begin"/></w:r><w:r><w:instrText> IF </w:instrText></w:r><w:r wsp:rsidR="00897B4A"><w:fldChar w:fldCharType="begin"/></w:r><w:r><w:instrText> STYLEREF cvmarker</w:instrText></w:r><w:r wsp:rsidR="00897B4A"><w:fldChar w:fldCharType="separate"/></w:r><w:r><w:rPr><w:b/><w:b-cs/></w:rPr><w:instrText>Error! No text of specified style in document.</w:instrText></w:r><w:r wsp:rsidR="00897B4A"><w:fldChar w:fldCharType="end"/></w:r><w:r><w:instrText>=</w:instrText></w:r><w:r wsp:rsidR="00897B4A"><w:fldChar w:fldCharType="begin"/></w:r><w:r><w:instrText> STYLEREF cvmarker \l</w:instrText></w:r><w:r wsp:rsidR="00897B4A"><w:fldChar w:fldCharType="separate"/></w:r><w:r><w:rPr><w:b/><w:b-cs/></w:rPr><w:instrText>Error! No text of specified style in document.</w:instrText></w:r><w:r wsp:rsidR="00897B4A"><w:fldChar w:fldCharType="end"/></w:r><w:r><w:instrText> "</w:instrText></w:r><w:r wsp:rsidR="00897B4A"><w:fldChar w:fldCharType="begin"/></w:r><w:r><w:instrText> STYLEREF cvmarker</w:instrText></w:r><w:r wsp:rsidR="00897B4A"><w:fldChar w:fldCharType="separate"/></w:r><w:r><w:rPr><w:b/><w:b-cs/></w:rPr><w:instrText>Error! No text of specified style in document.</w:instrText></w:r><w:r wsp:rsidR="00897B4A"><w:fldChar w:fldCharType="end"/></w:r><w:r><w:instrText>" "</w:instrText></w:r><w:r wsp:rsidR="00897B4A"><w:fldChar w:fldCharType="begin"/></w:r><w:r><w:instrText> STYLEREF cvmarker</w:instrText></w:r><w:r wsp:rsidR="00897B4A"><w:fldChar w:fldCharType="separate"/></w:r><w:r><w:instrText>21</w:instrText></w:r><w:r wsp:rsidR="00897B4A"><w:fldChar w:fldCharType="end"/></w:r><w:r><w:instrText>-</w:instrText></w:r><w:r wsp:rsidR="00897B4A"><w:fldChar w:fldCharType="begin"/></w:r><w:r><w:instrText> STYLEREF cvmarker \l</w:instrText></w:r><w:r wsp:rsidR="00897B4A"><w:fldChar w:fldCharType="separate"/></w:r><w:r><w:instrText>22</w:instrText></w:r><w:r wsp:rsidR="00897B4A"><w:fldChar w:fldCharType="end"/></w:r><w:r><w:instrText>" </w:instrText></w:r><w:r wsp:rsidR="00897B4A"><w:fldChar w:fldCharType="separate"/></w:r><w:r><w:rPr><w:b/><w:b-cs/></w:rPr><w:t>Error! No text of specified style in document.</w:t></w:r><w:r wsp:rsidR="00897B4A"><w:fldChar w:fldCharType="end"/></w:r></w:p></w:hdr><w:hdr w:type="first"><w:p wsp:rsidR="00A46B64" wsp:rsidRDefault="0073298D"><w:pPr><w:pStyle w:val="Header"/></w:pPr><w:r><w:tab/></w:r><w:r wsp:rsidR="00897B4A"><w:rPr><w:rStyle w:val="PageNumber"/></w:rPr><w:fldChar w:fldCharType="begin"/></w:r><w:r><w:rPr><w:rStyle w:val="PageNumber"/></w:rPr><w:instrText> PAGE </w:instrText></w:r><w:r wsp:rsidR="00897B4A"><w:rPr><w:rStyle w:val="PageNumber"/></w:rPr><w:fldChar w:fldCharType="separate"/></w:r><w:r wsp:rsidR="003369C2"><w:rPr><w:rStyle w:val="PageNumber"/></w:rPr><w:t>1</w:t></w:r><w:r wsp:rsidR="00897B4A"><w:rPr><w:rStyle w:val="PageNumber"/></w:rPr><w:fldChar w:fldCharType="end"/></w:r></w:p></w:hdr><w:footnotePr><w:numFmt w:val="lower-letter"/><w:numRestart w:val="each-page"/></w:footnotePr><w:type w:val="continuous"/><w:pgSz w:w="7371" w:h="9809" w:code="1"/><w:pgMar w:top="680" w:right="567" w:bottom="567" w:left="567" w:header="454" w:footer="227" w:gutter="0"/><w:cols w:num="2" w:sep="on" w:space="170"/><w:titlePg/><w:docGrid w:line-pitch="360"/></w:sectPr></wx:sect></w:body></w:wordDocument>