<?xml version="1.0" encoding="utf-8"?>
<styles>
  <para>
    <tag>base</tag>
    <defaultChar>base</defaultChar>
    <basedOn></basedOn>
    <spaceBefore>0ex</spaceBefore>
    <firstLine>0em</firstLine>
    <justify>left</justify>
    <indent>0em</indent>
  </para>
  <para>
    <tag>p</tag>
    <defaultChar>base</defaultChar>
    <basedOn>base</basedOn>
    <spaceBefore>1ex</spaceBefore>
    <firstLine>2em</firstLine>
  </para>
  <para>
    <tag>m</tag>
    <defaultChar>base</defaultChar>
    <basedOn>base</basedOn>
    <spaceBefore>0ex</spaceBefore>
    <firstLine>0em</firstLine>
  </para>
  <para>
    <tag>pmo</tag>
    <basedOn>base</basedOn>
    <spaceBefore>1ex</spaceBefore>
    <indent>2em</indent>
  </para>
  <para>
    <tag>pm</tag>
    <basedOn>base</basedOn>
    <spaceBefore>1ex</spaceBefore>
    <firstLine>2em</firstLine>
    <indent>2em</indent>
  </para>
  <para>
    <tag>pmc</tag>
    <basedOn>base</basedOn>
    <spaceBefore>1ex</spaceBefore>
    <indent>2em</indent>
  </para>
  <para>
    <tag>pmr</tag>
    <basedOn>base</basedOn>
    <spaceBefore>1ex</spaceBefore>
    <indent>2em</indent>
    <justify>right</justify>
  </para>
  <para>
    <tag>lit</lit>
    <basedOn>base</basedOn>
    <justify>right</justify>
    <spaceBefore>0ex</spaceBefore>
  </para>
  <para>
    <tag>pi1</tag>
    <basedOn>base</basedOn>
    <indent>2em</indent>
  </para>
  <para>
    <tag>pi2</tag>
    <basedOn>base</basedOn>
    <indent>4em</indent>
  </para>
  <para>
    <tag>pi3</tag>
    <basedOn>base</basedOn>
    <indent>6em</indent>
  </para>
  <para>
    <tag>mi</tag>
    <basedOn>base</basedOn>
    <spaceBefore>1ex</spaceBefore>
    <indent>0em</indent>
  </para>
  <para>
    <tag>cls</tag>
    <justify>right</justify>
  </para>
  <para>
    <tag>li1</tag>
    <basedOn>base</basedOn>
    <firstLine>-3em</firstLine>
    <indent>4em</indent>
  </para>
  <para>
    <tag>li2</tag>
    <basedOn>base</basedOn>
    <firstLine>-3em</firstLine>
    <indent>6em</indent>
  </para>
  <para>
    <tag>li3</tag>
    <basedOn>base</basedOn>
    <firstLine>-3em</firstLine>
    <indent>8em</indent>
  </para>
  <para>
    <tag>pc</tag>
    <basedOn>base</basedOn>
    <justify>center</justify>
  </para>
  <para>
    <tag>pr</tag>
    <basedOn>base</basedOn>
    <justify>right</justify>
  </para>
  <para>
    <tag>ph1</tag>
    <basedOn>base</basedOn>
    <firstLine>-3em</firstLine>
    <indent>4em</indent>
  </para>
  <para>
    <tag>ph2</tag>
    <basedOn>base</basedOn>
    <firstLine>-3em</firstLine>
    <indent>6em</indent>
  </para>
  <para>
    <tag>ph3</tag>
    <basedOn>base</basedOn>
    <firstLine>-3em</firstLine>
    <indent>8em</indent>
  </para>
  <para>
    <tag>b</tag>
    <basedOn>base</basedOn>
  </para>
  <para>
    <tag>q1</tag>
    <basedOn>base</basedOn>
    <firstLine>-2em</firstLine>
    <indent>2em</indent>
  </para>
  <para>
    <tag>q2</tag>
    <basedOn>base</basedOn>
    <firstLine>-1em</firstLine>
    <indent>2em</indent>
  </para>
  <para>
    <tag>q3</tag>
    <basedOn>base</basedOn>
    <firstLine>-1em</firstLine>
    <indent>3em</indent>
  </para>
  <para>
    <tag>qr</tag>
    <basedOn>base</basedOn>
    <justify>right</justify>
  </para>
  <para>
    <tag>qc</tag>
    <basedOn>base</basedOn>
    <justify>center</justify>
  </para>
  <para>
    <tag>qs</tag>
    <basedOn>base</basedOn>
    <justify>right</justify>
  </para>
  <para>
    <tag>qa</tag>
    <basedOn>base</basedOn>
    <justify>center</justify>
    <italic>true</italic>
  </para>
  <char>
    <tag>qac</tag>
    <bold>true</bold>
  </char>
  <para>
    <tag>qm1</tag>
    <basedOn>base</basedOn>
    <firstLine>-2em</firstLine>
    <indent>3em</indent>
  </para>
  <para>
    <tag>qm2</tag>
    <basedOn>base</basedOn>
    <firstLine>-1em</firstLine>
    <indent>3em</indent>
  </para>
  <para>
    <tag>qm3</tag>
    <basedOn>base</basedOn>
    <firstLine>-1em</firstLine>
    <indent>4em</indent>
  </para>

  <char>
    <tag>base</tag>
    <fontName>GentiumPlus</fontName>
    <bold>false</bold>
    <italic>false</italic>
    <size>8pt</size>
    <color>000000</color>
    <smallCaps>false</smallCaps>
    <superscript>true</superscript>
    <underline>false</underline>
    <omit>false</omit>
  </char>
  <char>
    <tag>add</tag>
    <italic>true</italic>
    <color>101010</color>
  </char>
  <char>
    <tag>bk</tag>
    <italic>true</italic>
  </char>
  <char>
    <tag>k</tag>
    <bold>true</bold>
  </char>
  <char>
    <tag>nd</tag>
    <smallCaps>true</smallCaps>
  </char>
  <char>
    <tag>ord</tag>
    <superscript>true</superscript>
  </char>
  <char>
    <tag>pn</tag>
    <underline>true</underline>
  </char>
  <char>
    <tag>qt</tag>
    <italic>true</italic>
  </char>
  <char>
    <tag>sig</tag>
    <italic>true</italic>
  </char>
  <char>
    <tag>sls</tag>
    <italic>true</italic>
  </char>
  <char>
    <tag>wj></tag>
    <color>900000</color>
  </char>
  <char>
    <tag>em</tag>
    <bold>true</bold>
  </char>
  <char>
    <tag>bd</tag>
    <bold>true</bold>
  </char>
  <char>
    <tag>it</tag>
    <italic>true</italic>
  </char>
  <char>
    <tag>bdit</tag>
    <bold>true</bold>
    <italic>true</italic>
  </char>
  <char>
    <tag>no</tag>
    <bold>false</bold>
    <italic>false</italic>
    <color>000000</color>
    <smallCaps>false</smallCaps>
    <superscript>true</superscript>
    <underline>false</underline>
    <omit>false</omit>
  </char>
  <char>
    <tag>cap</tag>
    <italic>true</italic>
    <size>0.8em</size>
  </char>
  <char>
    <tag>ref</tag>
    <omit>true</omit>
    <italic>true</italic>
    <size>0.8em</size>
  </char>
  <char>
    <tag>ndx</tag>
    <bold>true</bold>
  </char>
  <char>
    <tag>pro</tag>
  </char>
  <char>
    <tag>dc</tag>
  </char>
  <char>
    <tag>w</tag>
    <bold>true</bold>
  </char>
  <char>
    <tag>wg</tag>
    <bold>true</bold>
  </char>
  <char>
    <tag>wh</tag>
    <bold>true</bold>
  </char>
  

</styles>